Workbook

Sheet Samples
A1: project | B1: smell | C1: package | D1: prompt_file | E1: context_size | F1: designite | G1: gpt | H1: deepseek | I1: qwen
A2: commons-lang | B2: God Component | C2: org.apache.commons.lang3.concurrent.locks | D2: data/processed/prompts/god_component/commons-lang/org_apache_commons_lang3_concurrent_locks.txt | E2: 1564 | F2: 0 | G2: =VLOOKUP(C2,gpt!$E$2:$F$341,2,0) -> 1 | H2: =VLOOKUP(C2,deepseek!$E$2:$F$341,2,0) -> 0 | I2: =VLOOKUP(C2,qwen!$E$2:$F$341,2,0) -> 0
A3: commons-io | B3: God Component | C3: org.apache.commons.io.channels | D3: data/processed/prompts/god_component/commons-io/org_apache_commons_io_channels.txt | E3: 853 | F3: 0 | G3: =VLOOKUP(C3,gpt!$E$2:$F$341,2,0) -> 0 | H3: =VLOOKUP(C3,deepseek!$E$2:$F$341,2,0) -> 0 | I3: =VLOOKUP(C3,qwen!$E$2:$F$341,2,0) -> 0
A4: commons-lang | B4: God Component | C4: org.apache.commons.lang3.math | D4: data/processed/prompts/god_component/commons-lang/org_apache_commons_lang3_math.txt | E4: 698 | F4: 0 | G4: =VLOOKUP(C4,gpt!$E$2:$F$341,2,0) -> 1 | H4: =VLOOKUP(C4,deepseek!$E$2:$F$341,2,0) -> 0 | I4: =VLOOKUP(C4,qwen!$E$2:$F$341,2,0) -> 1
A5: javaparser | B5: God Component | C5: com.github.javaparser.printer.concretesyntaxmodel | D5: data/processed/prompts/god_component/javaparser/com_github_javaparser_printer_concretesyntaxmodel.txt | E5: 3641 | F5: 0 | G5: =VLOOKUP(C5,gpt!$E$2:$F$341,2,0) -> 0 | H5: =VLOOKUP(C5,deepseek!$E$2:$F$341,2,0) -> 0 | I5: =VLOOKUP(C5,qwen!$E$2:$F$341,2,0) -> 0
A6: zxing | B6: God Component | C6: com.google.zxing.maxicode | D6: data/processed/prompts/god_component/zxing/com_google_zxing_maxicode.txt | E6: 521 | F6: 0 | G6: =VLOOKUP(C6,gpt!$E$2:$F$341,2,0) -> 0 | H6: =VLOOKUP(C6,deepseek!$E$2:$F$341,2,0) -> 0 | I6: =VLOOKUP(C6,qwen!$E$2:$F$341,2,0) -> 0
A7: javaparser | B7: God Component | C7: japa.bdd.samples | D7: data/processed/prompts/god_component/javaparser/japa_bdd_samples.txt | E7: 1992 | F7: 1 | G7: =VLOOKUP(C7,gpt!$E$2:$F$341,2,0) -> 1 | H7: =VLOOKUP(C7,deepseek!$E$2:$F$341,2,0) -> 0 | I7: =VLOOKUP(C7,qwen!$E$2:$F$341,2,0) -> 1
A8: zxing | B8: God Component | C8: com.google.zxing.client.android.camera | D8: data/processed/prompts/god_component/zxing/com_google_zxing_client_android_camera.txt | E8: 1370 | F8: 0 | G8: =VLOOKUP(C8,gpt!$E$2:$F$341,2,0) -> 1 | H8: =VLOOKUP(C8,deepseek!$E$2:$F$341,2,0) -> 0 | I8: =VLOOKUP(C8,qwen!$E$2:$F$341,2,0) -> 0
A9: javaparser | B9: God Component | C9: com.github.javaparser.generator.core.visitor | D9: data/processed/prompts/god_component/javaparser/com_github_javaparser_generator_core_visitor.txt | E9: 3405 | F9: 0 | G9: =VLOOKUP(C9,gpt!$E$2:$F$341,2,0) -> 0 | H9: =VLOOKUP(C9,deepseek!$E$2:$F$341,2,0) -> 0 | I9: =VLOOKUP(C9,qwen!$E$2:$F$341,2,0) -> 0
A10: zxing | B10: God Component | C10: com.google.zxing.qrcode | D10: data/processed/prompts/god_component/zxing/com_google_zxing_qrcode.txt | E10: 745 | F10: 0 | G10: =VLOOKUP(C10,gpt!$E$2:$F$341,2,0) -> 0 | H10: =VLOOKUP(C10,deepseek!$E$2:$F$341,2,0) -> 0 | I10: =VLOOKUP(C10,qwen!$E$2:$F$341,2,0) -> 0
A11: jitwatch | B11: God Component | C11: org.adoptopenjdk.jitwatch.ui.triview.bytecode | D11: data/processed/prompts/god_component/jitwatch/org_adoptopenjdk_jitwatch_ui_triview_bytecode.txt | E11: 1004 | F11: 0 | G11: =VLOOKUP(C11,gpt!$E$2:$F$341,2,0) -> 1 | H11: =VLOOKUP(C11,deepseek!$E$2:$F$341,2,0) -> 0 | I11: =VLOOKUP(C11,qwen!$E$2:$F$341,2,0) -> 0
A12: javaparser | B12: God Component | C12: japa.parser.comments | D12: data/processed/prompts/god_component/javaparser/japa_parser_comments.txt | E12: 428 | F12: 0 | G12: =VLOOKUP(C12,gpt!$E$2:$F$341,2,0) -> 0 | H12: =VLOOKUP(C12,deepseek!$E$2:$F$341,2,0) -> 0 | I12: =VLOOKUP(C12,qwen!$E$2:$F$341,2,0) -> 0
A13: byte-buddy | B13: God Component | C13: net.bytebuddy.implementation.bytecode.assign | D13: data/processed/prompts/god_component/byte-buddy/net_bytebuddy_implementation_bytecode_assign.txt | E13: 1377 | F13: 0 | G13: =VLOOKUP(C13,gpt!$E$2:$F$341,2,0) -> 0 | H13: =VLOOKUP(C13,deepseek!$E$2:$F$341,2,0) -> 0 | I13: =VLOOKUP(C13,qwen!$E$2:$F$341,2,0) -> 0
... A101: javaparser | B101: God Component | C101: com.github.javaparser.resolution.types | D101: data/processed/prompts/god_component/javaparser/com_github_javaparser_resolution_types.txt | E101: 2507 | F101: 0 | G101: =VLOOKUP(C101,gpt!$E$2:$F$341,2,0) -> 1 | H101: =VLOOKUP(C101,deepseek!$E$2:$F$341,2,0) -> 0 | I101: =VLOOKUP(C101,qwen!$E$2:$F$341,2,0) -> 0

Sheet gpt
A1: project | B1: file_name | C1: smell | D1: entity_type | E1: entity | F1: detection | G1: justification
A2: byte-buddy | B2: (default package).txt | C2: God Component | D2: package | E2: (default package) | F2: 0 | G2: The package contains only 2 classes and a total of 186 LOC (each class ~93 LOC). Neither the number of classes nor the total LOC indicate an excessively large component. Class complexity (WMC=12) is moderate and coupling is low (fanin/fanout=0). Based on these elements, the package does not meet the contextual criteria for a God Component.
A3: byte-buddy | B3: com.service.definition.txt | C3: God Component | D3: package | E3: com.service.definition | F3: 0 | G3: Package 'com.service.definition' contains a single class (num_classes=1) with only 3 LOC. Class metrics show low complexity (wmc=1), no fanin/fanout, and no incoming/outgoing package dependencies (Ca=0, Ce=0). There is no evidence of excessive size in terms of lines of code or number of classes, so it does not qualify as a God Component.
A4: byte-buddy | B4: com.service.usage.txt | C4: God Component | D4: package | E4: com.service.usage | F4: 0 | G4: The package contains a single class and only 5 LOC (num_classes=1, loc=5). Class metrics are very small (wmc=1, nom=1, nopm=1, loc=5) and there are no incoming/outgoing dependencies (Ca=0, Ce=0, fanin=0, fanout=0). These indicators show the component is minimal in size and responsibility, so it does not exhibit a God Component smell.
A5: byte-buddy | B5: com.service.usage2.txt | C5: God Component | D5: package | E5: com.service.usage2 | F5: 0 | G5: The package com.service.usage2 contains a single class (ServiceImplementation) with only 5 LOC, 1 method (nom=1), WMC=1, no fields, no incoming/outgoing dependencies (Ca=0, Ce=0, fanin=0, fanout=0). The component is very small in both size and class count and shows low complexity, so it does not meet the contextual criteria for a God Component.
A6: byte-buddy | B6: net.bytebuddy.agent.builder.txt | C6: God Component | D6: package | E6: net.bytebuddy.agent.builder | F6: 1 | G6: The package net.bytebuddy.agent.builder is excessively large: 229 classes and 34,339 LOC. It contains a very large top-level class AgentBuilder (~9,519 LOC) with many large inner components (AgentBuilder.Default ~2,133 LOC, AgentBuilder.RedefinitionStrategy ~2,097 LOC, AgentBuilder.LambdaInstrumentationStrategy ~1,105 LOC, AgentBuilder.ExecutingTransformer ~484 LOC, plus numerous other inner classes and sizable nested types). The concentration of thousands of LOC and many responsibilities (transformation, dispatching, loading strategies, instrumentation strategies, resubmission, listeners, etc., as reflected by class names) indicates a single component managing excessive functionality and size, consistent with the God Component smell.
A7: byte-buddy | B7: net.bytebuddy.agent.txt | C7: God Component | D7: package | E7: net.bytebuddy.agent | F7: 1 | G7: The package net.bytebuddy.agent is excessively large and concentrated: it contains 64 classes and 12,617 LOC. Several very large classes/files concentrate most of the size and responsibility (VirtualMachine ~2449 LOC; ByteBuddyAgent ~1185 LOC; VirtualMachine.ForHotSpot ~1213 LOC; VirtualMachine.ForOpenJ9 ~1121 LOC; VirtualMachine.Connection ~1004 LOC). Many nested/inner classes are declared inside the same files (e.g., many VirtualMachine.* and ByteBuddyAgent.* types), increasing file/class size and responsibility. The main classes also have high complexity indicators (ByteBuddyAgent WMC=47) and many methods/fields (e.g., VirtualMachine nof=70, ByteBuddyAgent nof=35). This combination of high LOC, many classes grouped in a single package/file set, and concentrated complexity supports detecting a God Component.
A8: byte-buddy | B8: net.bytebuddy.android.txt | C8: God Component | D8: package | E8: net.bytebuddy.android | F8: 1 | G8: The package contains 17 classes but a concentrated amount of code (2012 LOC) is clustered in a single component file (AndroidClassLoadingStrategy.java). The top-level AndroidClassLoadingStrategy alone is 654 LOC and hosts many nested/related classes recorded in the same file (DexProcessor 279 LOC, ForSdkCompiler 252 LOC, Injecting 172 LOC, Dispatcher 140 LOC, plus multiple smaller inner classes). This concentration of sizable classes and responsibilities in one component/file indicates the package has an excessively large, central component handling many concerns, consistent with the God Component smell.
A9: byte-buddy | B9: net.bytebuddy.asm.txt | C9: God Component | D9: package | E9: net.bytebuddy.asm | F9: 1 | G9: The package is excessively large: 411 classes and 81,157 LOC in a single package. Multiple individual classes/nested types contain extremely large bodies (example metrics): Advice (~11,101 LOC), MemberSubstitution (~6,597 LOC), MemberSubstitution.Substitution (~4,607 LOC), MemberSubstitution.Chain (~4,143 LOC), MemberSubstitution.Step (~4,013 LOC), Advice.Dispatcher (~2,415 LOC), Advice.OffsetMapping (~3,434 LOC), MemberSubstitution.OffsetMapping (~2,356 LOC), ClassVisitorFactory (~971 LOC), Advice.StackMapFrameHandler (~941 LOC). The size is concentrated in many very large classes/nested types rather than being evenly distributed, indicating a single component that owns a disproportionate amount of code and responsibility. These facts support detection of the God Component smell for net.bytebuddy.asm.
A10: byte-buddy | B10: net.bytebuddy.benchmark.jmh_generated.txt | C10: God Component | D10: package | E10: net.bytebuddy.benchmark.jmh_generated | F10: 1 | G10: The package contains 59 classes and 11,019 LOC, which indicates substantial size for a single component. Many classes are relatively large and complex (numerous jmhTest classes with ~275 LOC and WMC=42 repeated across the package), giving an average of ~186 LOC per class and a concentration of complexity in multiple files. Additionally, the package has no external afferent/emanent couplings (Ca=0, Ce=0), suggesting the functionality is self-contained rather than split across modules. These elements (high total LOC, large number of classes, multiple high-complexity/large classes) support detecting a God Component smell for this package.
A11: byte-buddy | B11: net.bytebuddy.benchmark.runner.txt | C11: God Component | D11: package | E11: net.bytebuddy.benchmark.runner | F11: 0 | G11: The package contains only one class (num_classes=1) with 23 lines of code (loc=23). The single class QuickRunner has low complexity (wmc=2), few methods (nom=2), minimal public fields/methods (nof=1, nopf=0, nopm=1), and no incoming/outgoing dependencies (fanin=0, fanout=0). There is no evidence of an excessively large component by LOC or by number of classes, so the God Component smell is not present.
A12: byte-buddy | B12: net.bytebuddy.benchmark.specimen.txt | C12: God Component | D12: package | E12: net.bytebuddy.benchmark.specimen | F12: 0 | G12: The package contains only 2 classes and 298 LOC, with code distributed across ExampleClass (167 LOC, 18 methods, WMC 18) and ExampleInterface (131 LOC, 18 methods, WMC 18). There is no evidence of excessive class count or a single overwhelmingly large class — sizes are moderate and balanced. Coupling is very low (package Ce=0, Ca=1, class fanin/fanout=0), and there are no dependencies indicating a central, highly connected component. Given this context, the data do not support labeling this package as a God Component.
A13: byte-buddy | B13: net.bytebuddy.benchmark.txt | C13: God Component | D13: package | E13: net.bytebuddy.benchmark | F13: 1 | G13: The package contains 8 classes with a total of 1,284 LOC, but complexity and responsibilities are heavily concentrated in a few very large classes: ClassByImplementation (370 LOC, 32 methods, 29 public methods, WMC=66), ClassByExtension (309 LOC, 23 methods, WMC=25) and SuperClassInvocationBenchmark (265 LOC). Several classes have large method counts and high complexity, indicating concentrated responsibilities rather than being evenly distributed. The package also has Ce=7 (it depends on many external packages) and Ca=0 (no incoming dependencies), suggesting the package is relatively self-contained yet large. Taken together—multiple classes with high LOC, high nominal method counts and high WMC—this supports that the package is excessively large and behaves like a God Component.
... A341: zxing | B341: com.google.zxing.web.txt | C341: God Component | D341: package | E341: com.google.zxing.web | F341: 1 | G341: The package contains 15 classes and 864 LOC with a clear concentration of size and complexity in a few classes: DecodeServlet (loc 349, wmc 41, nom 8) accounts for ~40% of the package LOC, ChartServlet (loc 115, wmc 15) and DoSTracker (loc 85) add further large, distinct responsibilities. Several smaller classes (filters, request parameter parsing, utilities) coexist with heavy-weight servlets and tracking logic, indicating multiple responsibilities centralized in this package. High WMC values (e.g. 41 for DecodeServlet) and the mix of servlet logic, DoS tracking, filters and utilities support the judgment that this component is excessively large and acting as a God Component.

Sheet deepseek
A1: project | B1: file_name | C1: smell | D1: entity_type | E1: entity | F1: detection | G1: justification
A2: byte-buddy | B2: (default package).txt | C2: God Component | D2: package | E2: (default package) | F2: 0 | G2: The package contains only 2 classes and 186 lines of code, which is not excessively large in terms of number of classes or overall size.
A3: byte-buddy | B3: com.service.definition.txt | C3: God Component | D3: package | E3: com.service.definition | F3: 0 | G3: Package contains only one small class (ServiceDefinition) with minimal metrics: 3 LOC, 1 method, 0 fields. No indicators of excessive size in classes or code volume.
A4: byte-buddy | B4: com.service.usage.txt | C4: God Component | D4: package | E4: com.service.usage | F4: 0 | G4: Package contains only one class with minimal size (5 LOC) and complexity (1 method), far below thresholds indicating excessive size.
A5: byte-buddy | B5: com.service.usage2.txt | C5: God Component | D5: package | E5: com.service.usage2 | F5: 0 | G5: Package contains only one class with 5 lines of code, which is not excessively large in terms of LOC or number of classes.
A6: byte-buddy | B6: net.bytebuddy.agent.builder.txt | C6: God Component | D6: package | E6: net.bytebuddy.agent.builder | F6: 1 | G6: Package contains 229 classes with 34,339 lines of code, which is excessively large in both dimensions; the AgentBuilder class alone has 9,519 LOC and 293 fields, indicating massive concentration of responsibilities.
A7: byte-buddy | B7: net.bytebuddy.agent.txt | C7: God Component | D7: package | E7: net.bytebuddy.agent | F7: 1 | G7: Package contains 64 classes with total 12,617 LOC; main class ByteBuddyAgent has 1,185 LOC and many inner classes; VirtualMachine class has 2,449 LOC and numerous inner classes, indicating excessive size and complexity.
A8: byte-buddy | B8: net.bytebuddy.android.txt | C8: God Component | D8: package | E8: net.bytebuddy.android | F8: 1 | G8: The package has 2012 LOC and 17 classes concentrated in a single file (AndroidClassLoadingStrategy.java), with the main class having 654 LOC and numerous inner classes, indicating excessive size and high responsibility concentration.
A9: byte-buddy | B9: net.bytebuddy.asm.txt | C9: God Component | D9: package | E9: net.bytebuddy.asm | F9: 1 | G9: Package contains 411 classes and 81,157 lines of code, which is excessively large. Several individual classes also show extreme size characteristics, most notably the 'Advice' class with 11,101 LOC, 403 fields, and 24 methods, and the 'MemberSubstitution' class with 6,597 LOC and 292 fields. The package exhibits structural complexity with numerous inner classes and high dependencies.
A10: byte-buddy | B10: net.bytebuddy.benchmark.jmh_generated.txt | C10: God Component | D10: package | E10: net.bytebuddy.benchmark.jmh_generated | F10: 0 | G10: Package contains 59 generated JMH benchmark classes with consistent structure and low complexity (averaging 275 LOC each), totaling 11,019 LOC. These are auto-generated benchmarking utilities rather than a cohesive component with functional responsibility. Dependencies are minimal (Ce=0, Ca=0) and classes follow uniform patterns typical of generated code.
A11: byte-buddy | B11: net.bytebuddy.benchmark.runner.txt | C11: God Component | D11: package | E11: net.bytebuddy.benchmark.runner | F11: 0 | G11: Package contains only 1 class and 23 LOC; single-class component is not excessively large by lines of code or number of classes.
A12: byte-buddy | B12: net.bytebuddy.benchmark.specimen.txt | C12: God Component | D12: package | E12: net.bytebuddy.benchmark.specimen | F12: 0 | G12: Package contains only 2 classes with a total of 298 LOC; neither class nor package size is excessively large relative to typical component boundaries in benchmarking code.
A13: byte-buddy | B13: net.bytebuddy.benchmark.txt | C13: God Component | D13: package | E13: net.bytebuddy.benchmark | F13: 0 | G13: Package contains 8 classes with total 1284 LOC, representing a coherent benchmark suite. Individual class sizes range from 79 to 370 LOC, focused on specific benchmarking scenarios without excessive accumulation of unrelated responsibilities.
... A341: zxing | B341: com.google.zxing.web.txt | C341: God Component | D341: package | E341: com.google.zxing.web | F341: 0 | G341: The package contains 15 classes and 864 total LOC, which is a moderate size for a web utility package. Individual class sizes are reasonable (most under 100 LOC), with only one class (DecodeServlet) exceeding 300 LOC, but this is not excessive for a servlet handling core decoding functionality. The package demonstrates focused responsibility around web filters and servlets for barcode processing.

Sheet qwen
A1: project | B1: file_name | C1: smell | D1: entity_type | E1: entity | F1: detection | G1: justification
A2: byte-buddy | B2: (default package).txt | C2: God Component | D2: package | E2: (default package) | F2: 0 | G2: The package contains only 2 classes with 93 lines of code each, which is not excessively large in terms of lines of code or number of classes.
A3: byte-buddy | B3: com.service.definition.txt | C3: God Component | D3: package | E3: com.service.definition | F3: 0 | G3: The package contains only 1 class with 3 lines of code, and the single class ServiceDefinition has only 1 method with 3 lines of code. The component is not excessively large in terms of lines of code or number of classes.
A4: byte-buddy | B4: com.service.usage.txt | C4: God Component | D4: package | E4: com.service.usage | F4: 0 | G4: The package contains only 1 class (ServiceImplementation) with 5 lines of code, 1 method, and no dependencies. The component is extremely small in terms of both lines of code and number of classes, which is the opposite of what constitutes a God Component.
A5: byte-buddy | B5: com.service.usage2.txt | C5: God Component | D5: package | E5: com.service.usage2 | F5: 0 | G5: The package contains only 1 class with 5 lines of code, which is not excessively large. The class ServiceImplementation has minimal complexity with 1 method and 5 lines of code, indicating it is a small, focused component rather than a God Component.
A6: byte-buddy | B6: net.bytebuddy.agent.builder.txt | C6: God Component | D6: package | E6: net.bytebuddy.agent.builder | F6: 1 | G6: The package 'net.bytebuddy.agent.builder' contains 229 classes and 34,339 lines of code, indicating an excessively large component. The class 'AgentBuilder' alone has 9,519 lines of code and 293 fields, further contributing to the god component smell. The high number of classes and LOC at both the package and class levels suggests that the component is handling too many responsibilities and is overly complex.
A7: byte-buddy | B7: net.bytebuddy.agent.txt | C7: God Component | D7: package | E7: net.bytebuddy.agent | F7: 1 | G7: The package 'net.bytebuddy.agent' contains 64 classes with a total of 12,617 lines of code. Two main classes, 'ByteBuddyAgent' (1,185 LOC) and 'VirtualMachine' (2,449 LOC), are excessively large and encapsulate numerous nested classes and extensive functionality, indicating a concentration of responsibilities. The high number of classes and LOC in a single package, combined with the presence of dominant classes that implement core functionalities, suggests the package acts as a God Component by centralizing too much logic and responsibility.
A8: byte-buddy | B8: net.bytebuddy.android.txt | C8: God Component | D8: package | E8: net.bytebuddy.android | F8: 1 | G8: The package 'net.bytebuddy.android' contains a single dominant class 'AndroidClassLoadingStrategy' with 654 lines of code and 29 fields, making it excessively large. The class also includes multiple nested static classes (e.g., DexProcessor, ForSdkCompiler, Injecting, etc.) that contribute to its complexity and size. The total package LOC is 2012 with 17 classes, but the primary class dominates the codebase in terms of size and responsibility, indicating a God Component smell.
A9: byte-buddy | B9: net.bytebuddy.asm.txt | C9: God Component | D9: package | E9: net.bytebuddy.asm | F9: 1 | G9: The package 'net.bytebuddy.asm' contains 411 classes and has a LOC (Lines of Code) of 81157, which indicates an excessively large component. Additionally, the class 'Advice' within this package has 403 fields and 11101 LOC, and the class 'MemberSubstitution' has 292 fields and 6597 LOC, further supporting the presence of a God Component due to their excessive size and complexity.
A10: byte-buddy | B10: net.bytebuddy.benchmark.jmh_generated.txt | C10: God Component | D10: package | E10: net.bytebuddy.benchmark.jmh_generated | F10: 0 | G10: The package contains 59 classes and 11019 lines of code, which is not excessively large for a generated benchmark package. The classes are mostly small JMH-generated benchmarks with low complexity (most have 0 methods and low LOC). There is no single class or component that dominates the codebase in terms of size or responsibility. The structure appears to be a collection of related but separate benchmark tests rather than a single God Component.
A11: byte-buddy | B11: net.bytebuddy.benchmark.runner.txt | C11: God Component | D11: package | E11: net.bytebuddy.benchmark.runner | F11: 0 | G11: The package contains only 1 class (QuickRunner) with 23 lines of code, which is not excessively large in terms of either Lines Of Code or number of classes. The class itself has only 2 methods and minimal complexity, indicating it is a small, focused component rather than a God Component.
A12: byte-buddy | B12: net.bytebuddy.benchmark.specimen.txt | C12: God Component | D12: package | E12: net.bytebuddy.benchmark.specimen | F12: 0 | G12: The package contains only 2 classes with a total of 298 lines of code. The largest class, ExampleClass, has 167 lines of code and 18 methods, while ExampleInterface has 131 lines of code and 18 methods. These metrics do not indicate excessive size in terms of lines of code or number of classes for the package or individual components.
A13: byte-buddy | B13: net.bytebuddy.benchmark.txt | C13: God Component | D13: package | E13: net.bytebuddy.benchmark | F13: 0 | G13: The package contains 8 classes with a total of 1284 lines of code, which is not excessively large for a benchmarking module. The largest class, ClassByImplementationBenchmark, has 370 lines of code and 66 methods, which is substantial but not unreasonable for a benchmark class. The package's structure appears to be well-organized around different benchmarking scenarios rather than being a single monolithic component.
... A341: zxing | B341: com.google.zxing.web.txt | C341: God Component | D341: package | E341: com.google.zxing.web | F341: 0 | G341: The package contains 15 classes with a total of 864 lines of code. While some classes like DecodeServlet (349 loc) and ChartServlet (115 loc) are relatively large, the overall distribution of functionality across multiple cohesive classes suggests a reasonable separation of concerns. No single class dominates the package in terms of responsibilities or complexity to qualify as a God Component.
