Workbook

Sheet samples
A1: project | B1: smell | C1: package | D1: class | E1: fqn | F1: prompt_file | G1: context_size | H1: designite | I1: gpt | J1: deepseek | K1: qwen
A2: javaparser | B2: Insufficient Modularization | C2: com.github.javaparser.symbolsolver.javaparsermodel.contexts | D2: AnonymousClassDeclarationContext | E2: =C2&"."&D2 -> com.github.javaparser.symbolsolver.javaparsermodel.contexts.AnonymousClassDeclarationContext | F2: data/processed/prompts/insufficient_modularization/javaparser/com_github_javaparser_symbolsolver_javaparsermodel_contexts_AnonymousClassDeclarationContext.txt | G2: 1965 | H2: 0 | I2: =VLOOKUP(E2,gpt!$D$2:$E$361,2,0) -> 0 | J2: =VLOOKUP(E2,deepseek!$D$2:$E$361,2,0) -> 0 | K2: =VLOOKUP(E2,qwen!$D$2:$E$361,2,0) -> 0
A3: byte-buddy | B3: Insufficient Modularization | C3: net.bytebuddy.dynamic.DynamicType | D3: Initial | E3: =C3&"."&D3 -> net.bytebuddy.dynamic.DynamicType.Initial | F3: data/processed/prompts/insufficient_modularization/byte-buddy/net_bytebuddy_dynamic_DynamicType_Initial.txt | G3: 63017 | H3: 0 | I3: =VLOOKUP(E3,gpt!$D$2:$E$361,2,0) -> 1 | J3: =VLOOKUP(E3,deepseek!$D$2:$E$361,2,0) -> 1 | K3: =VLOOKUP(E3,qwen!$D$2:$E$361,2,0) -> 1
A4: javaparser | B4: Insufficient Modularization | C4: com.packageName | D4: ClassInPackage | E4: =C4&"."&D4 -> com.packageName.ClassInPackage | F4: data/processed/prompts/insufficient_modularization/javaparser/com_packageName_ClassInPackage.txt | G4: 310 | H4: 0 | I4: =VLOOKUP(E4,gpt!$D$2:$E$361,2,0) -> 0 | J4: =VLOOKUP(E4,deepseek!$D$2:$E$361,2,0) -> 0 | K4: =VLOOKUP(E4,qwen!$D$2:$E$361,2,0) -> 0
A5: byte-buddy | B5: Insufficient Modularization | C5: net.bytebuddy.description.type.TypeList | D5: Empty | E5: =C5&"."&D5 -> net.bytebuddy.description.type.TypeList.Empty | F5: data/processed/prompts/insufficient_modularization/byte-buddy/net_bytebuddy_description_type_TypeList_Empty.txt | G5: 7014 | H5: 0 | I5: =VLOOKUP(E5,gpt!$D$2:$E$361,2,0) -> 0 | J5: =VLOOKUP(E5,deepseek!$D$2:$E$361,2,0) -> 0 | K5: =VLOOKUP(E5,qwen!$D$2:$E$361,2,0) -> 0
A6: byte-buddy | B6: Insufficient Modularization | C6: net.bytebuddy.description.type.RecordComponentDescription | D6: InDefinedShape | E6: =C6&"."&D6 -> net.bytebuddy.description.type.RecordComponentDescription.InDefinedShape | F6: data/processed/prompts/insufficient_modularization/byte-buddy/net_bytebuddy_description_type_RecordComponentDescription_InDefinedShape.txt | G6: 3789 | H6: 0 | I6: =VLOOKUP(E6,gpt!$D$2:$E$361,2,0) -> 0 | J6: =VLOOKUP(E6,deepseek!$D$2:$E$361,2,0) -> 0 | K6: =VLOOKUP(E6,qwen!$D$2:$E$361,2,0) -> 0
A7: commons-io | B7: Insufficient Modularization | C7: org.apache.commons.io | D7: CloseableURLConnection | E7: =C7&"."&D7 -> org.apache.commons.io.CloseableURLConnection | F7: data/processed/prompts/insufficient_modularization/commons-io/org_apache_commons_io_CloseableURLConnection.txt | G7: 1768 | H7: 1 | I7: =VLOOKUP(E7,gpt!$D$2:$E$361,2,0) -> 0 | J7: =VLOOKUP(E7,deepseek!$D$2:$E$361,2,0) -> 0 | K7: =VLOOKUP(E7,qwen!$D$2:$E$361,2,0) -> 0
A8: byte-buddy | B8: Insufficient Modularization | C8: net.bytebuddy.implementation.bind.MethodDelegationBinder | D8: Compound | E8: =C8&"."&D8 -> net.bytebuddy.implementation.bind.MethodDelegationBinder.Compound | F8: data/processed/prompts/insufficient_modularization/byte-buddy/net_bytebuddy_implementation_bind_MethodDelegationBinder_Compound.txt | G8: 7950 | H8: 0 | I8: =VLOOKUP(E8,gpt!$D$2:$E$361,2,0) -> 1 | J8: =VLOOKUP(E8,deepseek!$D$2:$E$361,2,0) -> 1 | K8: =VLOOKUP(E8,qwen!$D$2:$E$361,2,0) -> 0
A9: zxing | B9: Insufficient Modularization | C9: com.google.zxing | D9: ResultPointCallback | E9: =C9&"."&D9 -> com.google.zxing.ResultPointCallback | F9: data/processed/prompts/insufficient_modularization/zxing/com_google_zxing_ResultPointCallback.txt | G9: 478 | H9: 0 | I9: =VLOOKUP(E9,gpt!$D$2:$E$361,2,0) -> 0 | J9: =VLOOKUP(E9,deepseek!$D$2:$E$361,2,0) -> 0 | K9: =VLOOKUP(E9,qwen!$D$2:$E$361,2,0) -> 0
A10: byte-buddy | B10: Insufficient Modularization | C10: net.bytebuddy.dynamic.scaffold.inline | D10: MethodRebaseResolver | E10: =C10&"."&D10 -> net.bytebuddy.dynamic.scaffold.inline.MethodRebaseResolver | F10: data/processed/prompts/insufficient_modularization/byte-buddy/net_bytebuddy_dynamic_scaffold_inline_MethodRebaseResolver.txt | G10: 4015 | H10: 0 | I10: =VLOOKUP(E10,gpt!$D$2:$E$361,2,0) -> 1 | J10: =VLOOKUP(E10,deepseek!$D$2:$E$361,2,0) -> 0 | K10: =VLOOKUP(E10,qwen!$D$2:$E$361,2,0) -> 0
A11: byte-buddy | B11: Insufficient Modularization | C11: net.bytebuddy.implementation.bytecode.assign.primitive.PrimitiveUnboxingDelegate | D11: UnboxingResponsible | E11: =C11&"."&D11 -> net.bytebuddy.implementation.bytecode.assign.primitive.PrimitiveUnboxingDelegate.UnboxingResponsible | F11: data/processed/prompts/insufficient_modularization/byte-buddy/net_bytebuddy_implementation_bytecode_assign_primitive_PrimitiveUnboxingDelegate_UnboxingResponsible.txt | G11: 2922 | H11: 0 | I11: =VLOOKUP(E11,gpt!$D$2:$E$361,2,0) -> 0 | J11: =VLOOKUP(E11,deepseek!$D$2:$E$361,2,0) -> 0 | K11: =VLOOKUP(E11,qwen!$D$2:$E$361,2,0) -> 0
A12: jitwatch | B12: Insufficient Modularization | C12: (default package) | D12: ElisionTest | E12: =C12&"."&D12 -> (default package).ElisionTest | F12: data/processed/prompts/insufficient_modularization/jitwatch/(default package)_ElisionTest.txt | G12: 408 | H12: 0 | I12: =VLOOKUP(E12,gpt!$D$2:$E$361,2,0) -> 0 | J12: =VLOOKUP(E12,deepseek!$D$2:$E$361,2,0) -> 0 | K12: =VLOOKUP(E12,qwen!$D$2:$E$361,2,0) -> 0
A13: byte-buddy | B13: Insufficient Modularization | C13: net.bytebuddy | D13: NamingStrategy | E13: =C13&"."&D13 -> net.bytebuddy.NamingStrategy | F13: data/processed/prompts/insufficient_modularization/byte-buddy/net_bytebuddy_NamingStrategy.txt | G13: 4573 | H13: 0 | I13: =VLOOKUP(E13,gpt!$D$2:$E$361,2,0) -> 0 | J13: =VLOOKUP(E13,deepseek!$D$2:$E$361,2,0) -> 0 | K13: =VLOOKUP(E13,qwen!$D$2:$E$361,2,0) -> 0
... A361: byte-buddy | B361: Insufficient Modularization | C361: net.bytebuddy.implementation.FieldAccessor | D361: PropertyConfigurable | E361: =C361&"."&D361 -> net.bytebuddy.implementation.FieldAccessor.PropertyConfigurable | F361: data/processed/prompts/insufficient_modularization/byte-buddy/net_bytebuddy_implementation_FieldAccessor_PropertyConfigurable.txt | G361: 11291 | H361: 0 | I361: =VLOOKUP(E361,gpt!$D$2:$E$361,2,0) -> 1 | J361: =VLOOKUP(E361,deepseek!$D$2:$E$361,2,0) -> 1 | K361: =VLOOKUP(E361,qwen!$D$2:$E$361,2,0) -> 1

Sheet gpt
A1: file_name | B1: smell | C1: entity_type | D1: entity | E1: detection | F1: justification
A2: (default package)_ElisionTest.txt | B2: Insufficient Modularization | C2: class | D2: (default package).ElisionTest | E2: 0 | F2: ElisionTest is small and cohesive: it defines only two methods (the constructor and main) and no instance fields. The constructor contains a single, simple workflow (create a Vector<Long>, populate it in a loop, compute a sum in a loop, print the result). There is no large class interface, no mix of unrelated responsibilities, and no excessive size or complexity that would warrant decomposition. All state is local to the constructor (local variables: vector, sum, loop indices), so there is no evidence of a bloated class or multiple responsibilities requiring modularization.
A3: (default package)_InnerClassDotExpressions_InnerClass.txt | B3: Insufficient Modularization | C3: class | D3: (default package).InnerClassDotExpressions.InnerClass | E3: 0 | F3: ['Classes are very small and focused: each nested class defines a single static method returning a simple string, indicating single responsibility and low complexity (InnerClass.methodCall, InnerInnerClass.innerMethodCall, InnerInnerInnerClass.innerInnerMethodCall).', 'No large methods, long interfaces, or many fields are present that would indicate a bloated abstraction or excessive responsibilities.', 'Nesting depth alone does not imply insufficient modularization; the nested classes do not accumulate unrelated functionality and are invoked only to return simple values (as shown by InnerClassDotExpressions.main).', 'Static methods reduce coupling to outer instances, and there is no evidence of tangled responsibilities or difficulty in understanding/maintaining a single oversized class.']
A4: (default package)_MegamorphicBypass_Quarter.txt | B4: Insufficient Modularization | C4: class | D4: (default package).MegamorphicBypass.Quarter | E4: 0 | F4: ['Quarter is a very small, cohesive class: it implements a single method deposit() that performs one simple action (moneyBox += 25).', 'It does not have a large interface, many fields, or multiple responsibilities to indicate poor decomposition.', 'There is no internal complexity, branching, or size that would suggest the class should be split into smaller abstractions.', 'Although it is an inner class and references the outer static moneyBox, that coupling does not make Quarter bloated or multi-responsibility; its behavior remains narrowly focused.']
A5: (default package)_PolymorphismTest_Quarter.txt | B5: Insufficient Modularization | C5: class | D5: (default package).PolymorphismTest.Quarter | E5: 0 | F5: Quarter is a small, focused inner class that implements the Coin interface with a single method deposit() which increments the static moneyBox by 25. It has one clear responsibility, a minimal interface (no extra fields or methods), and low complexity/size. There is no evidence of a bloated interface, multiple unrelated responsibilities, or excessive size in this class, so Insufficient Modularization is not present.
A6: (default package)_TestInner.txt | B6: Insufficient Modularization | C6: class | D6: (default package).TestInner | E6: 0 | F6: ['The class is small and simple: TestInner has only one public method a(), a constructor, and two nested inner classes (Inner1 and Inner2) that further break behavior into smaller units. Methods a(), b(), and c() are single-purpose print methods with no complex logic or large interfaces. There are no many fields or responsibilities concentrated in TestInner itself; nested classes indicate decomposition rather than a bloated monolith. Therefore it does not exhibit insufficient modularization.']
A7: a_b_c_ExampleClass.txt | B7: Insufficient Modularization | C7: class | D7: a.b.c.ExampleClass | E7: 0 | F7: The class is minimal and not a bloated abstraction: it declares a single field (protected final DataObjectFactory doFactory), a constructor (which sets doFactory = null), and one method (getDataObject) that simply delegates to doFactory.getDataObject(objectID). There are no many unrelated methods, no large state, and no large or complex interface that would indicate an insufficient decomposition. Therefore it does not exhibit Insufficient Modularization.
A8: com_github_javaparser_GeneratedJavaParserBase.txt | B8: Insufficient Modularization | C8: class | D8: com.github.javaparser.GeneratedJavaParserBase | E8: 1 | F8: ['GeneratedJavaParserBase accumulates many distinct responsibilities in one class, indicating insufficient modularization. Examples include: token/token-range management (methods: token(), tokenRange(), range(...), orIfInvalid(...), nodeListBegin(...), setTokenKind(...), setStoreTokens(...)); parser recovery and error reporting (recover(...), recoverStatement(...), addProblem(...), problems field, makeMessageForParseException(...)); AST construction and transformation helpers (generateLambda(...), juggleArrayCreation(...), juggleArrayType(...), scopeToName(...)); small utility/string helpers (unquote(...), unTripleQuote(...)); and propagation of token-range changes (propagateRangeGrowthOnRight(...)).', "The class mixes parsing control flow, token management, error-message formatting, and AST-building logic rather than delegating those concerns to cohesive helper/strategy classes. This leads to a large surface area (many unrelated methods and state like 'problems' and 'storeTokens'), reduced cohesion, and harder maintainability and testability.", 'Many methods are natural extraction targets (e.g., RecoveryHandler for recover/recoverStatement and makeMessageForParseException, TokenRangeUtils/TokenAdapter for token and range helpers, ASTBuilderHelpers for generateLambda/juggleArray* and scopeToName, and StringLiteralUtils for unquote/unTripleQuote), which supports the conclusion that the current class is not adequately decomposed.']
A9: com_github_javaparser_GeneratedJavaParserTokenManager.txt | B9: Insufficient Modularization | C9: class | D9: com.github.javaparser.GeneratedJavaParserTokenManager | E9: 1 | F9: ['Class size and density: the class contains a very large amount of code including many long methods (e.g. jjMoveNfa_0, getNextToken, many jjMoveStringLiteralDfaX methods) and dozens of large static arrays (jjbitVec0..jjbitVec93, jjstrLiteralImages, jjnextStates, jjtoToken, jjtoSkip, etc.), indicating a single monolithic unit rather than multiple focused classes.', 'Multiple responsibilities concentrated in one class: it handles token production (getNextToken, jjFillToken), lexical state management (curLexState, SwitchTo, ReInit), DFA/NFA transition logic (jjMoveStringLiteralDfa*, jjMoveNfa_0, jjCanMove_*), token actions and skipping (TokenLexicalActions, SkipLexicalActions, MoreLexicalActions), and comment/markdown parsing and storage (createMarkdownComment, CommonTokenAction, commentsCollection, markdownCommentTokens). These are distinct concerns that would be better modularized.', 'Large, low-level data + behavior coupling: DFA tables and bitvectors are declared and used directly inside the class (many jjbitVec arrays and next-state tables), coupling huge static data with parsing logic rather than separating a generated automaton/data from token-management and comment-processing logic.', 'Complex internal state and many helper methods: numerous private helper methods and state variables (jjrounds, jjstateSet, jjimage, image, jjimageLen, lengthOfMatch, curChar, etc.) make the class difficult to understand and maintain, which is symptomatic of insufficient decomposition into smaller, more cohesive classes.', 'Missed opportunities for decomposition: identifiable subsystems (automaton engine, token storage & comment collection, markdown comment assembly, lexical-action handlers) are all implemented in the same class rather than split into focused classes or modules, increasing cognitive load and reducing maintainability.']
A10: com_github_javaparser_JavaToken_Kind.txt | B10: Insufficient Modularization | C10: class | D10: com.github.javaparser.JavaToken.Kind | E10: 0 | F10: Although JavaToken.Kind contains a very large number of enum constants and a large generated valueOf switch, it represents a single cohesive abstraction (the set of token kinds). Its methods are few and focused (valueOf, isPrimitive, getKind) and are directly related to the enum's responsibility. The large size is due to the number of tokens (and generated code), not because the class mixes unrelated responsibilities or contains multiple orthogonal concerns, so it does not exhibit insufficient modularization.
A11: com_github_javaparser_Range.txt | B11: Insufficient Modularization | C11: class | D11: com.github.javaparser.Range | E11: 0 | F11: The Range class is small and cohesive: it encapsulates two Position fields (begin,end) and provides only range-related operations (constructors/factories, withX copy helpers, contains/strictlyContains/overlapsWith/isBefore/isAfter comparisons, equals/hashCode/toString, getLineCount). Fields are final and the class does not mix unrelated responsibilities (no I/O, parsing, or other domain logic). The public API surface is appropriate for the abstraction and methods are directly related to representing and querying a textual range, so there is no evidence of excessive size, complexity, or concentrated unrelated responsibilities that would indicate insufficient modularization.
A12: com_github_javaparser_ast_Node_DirectChildrenIterator.txt | B12: Insufficient Modularization | C12: class | D12: com.github.javaparser.ast.Node.DirectChildrenIterator | E12: 1 | F12: ['The class aggregates many distinct responsibilities: AST state (range, tokenRange, parent/children), comment/orphan comment management, observer registration/propagation, arbitrary data storage (DataKey map), printing/printer-configuration, symbol resolution linkage, phantom-node detection/caching, traversal APIs and iterator implementations, and visitor/clone/equals/hashCode delegation.', 'Multiple unrelated concerns are implemented in the same class: printer creation and configuration (getPrinter, createDefaultPrinter, PRINTER_KEY), symbol resolution access (SYMBOL_RESOLVER_KEY and getSymbolResolver), and line-ending configuration (LINE_SEPARATOR_KEY and getLineEndingStyle), which couple I/O/formatting configuration to the AST model.', 'Traversal logic and algorithms are embedded as several nested iterator classes (BreadthFirstIterator, DirectChildrenIterator, ParentsVisitor, PreOrderIterator, PostOrderIterator with Level helper), inflating the class and mixing traversal mechanics with node state.', 'Observer management (ObserverRegistrationMode, register/registerForSubtree, PropagatingAstObserver usage) and child lifecycle methods (setParentNode, setAsParentNodeOf, remove/replace) together enlarge the public surface and violate single-responsibility principles.', 'Specialized utilities such as phantom detection (PHANTOM_KEY, isPhantom, inPhantomNode, LEVELS_TO_EXPLORE) and data-key manipulation further demonstrate orthogonal concerns present in one monolithic class, making it hard to understand, maintain, and evolve.']
A13: com_github_javaparser_ast_body_AnnotationMemberDeclaration.txt | B13: Insufficient Modularization | C13: class | D13: com.github.javaparser.ast.body.AnnotationMemberDeclaration | E13: 0 | F13: The class is cohesive and focused on a single responsibility: representing an annotation member in the AST. It only holds a small set of related fields (modifiers, type, name, defaultValue) and implements node/visitor/resolution interfaces that are appropriate for AST nodes; the many methods are generated property accessors, mutators, visitor/clone/replace/remove helpers and notification/parenting logic rather than unrelated functionality. There is no evidence of many unrelated responsibilities, large unrelated code blocks, or a bloated interface — the implemented interfaces and methods are directly relevant to the node role, so insufficient modularization is not present.
... A361: org_tensorflow_op_Ops.txt | B361: Insufficient Modularization | C361: class | D361: org.tensorflow.op.Ops | E361: 1 | F361: ['The Ops class provides a very large, monolithic API surface exposing hundreds of public factory methods for many unrelated operations (examples: constant(...), assign(...), reshape(...), gather(...), scatterNd(...), tensorArray..., resourceScatter..., etc.).', 'It imports and directly delegates to a huge number of operation classes (many org.tensorflow.op.core.* and other op packages) and centralizes creation logic via a single Scope instance, concentrating many responsibilities that span math, io, image, linalg, random, signal, train, quantization, and more.', 'Although it declares subgroup fields (nn, summary, image, data, io, ...), the class still contains an excessively large flat set of methods rather than cleanly partitioning functionality into cohesive modules. The size and breadth of the class (and its bloated public interface) make it hard to understand, maintain, and evolve — matching the Insufficient Modularization smell.']

Sheet deepseek
A1: file_name | B1: smell | C1: entity_type | D1: entity | E1: detection | F1: justification
A2: (default package)_ElisionTest.txt | B2: Insufficient Modularization | C2: class | D2: (default package).ElisionTest | E2: 0 | F2: The class is small (under 30 lines), has a single constructor performing a simple benchmark task, and a minimal main method. It demonstrates a single, focused responsibility without excessive complexity, bloated interface, or multiple concerns that need decomposition.
A3: (default package)_InnerClassDotExpressions_InnerClass.txt | B3: Insufficient Modularization | C3: class | D3: (default package).InnerClassDotExpressions.InnerClass | E3: 0 | F3: The class is small, focused on demonstrating nested class access patterns, and does not exhibit excessive size, complexity, or bloated interface. The nested structure is intentional for the example's purpose, not due to inadequate decomposition of responsibilities.
A4: (default package)_MegamorphicBypass_Quarter.txt | B4: Insufficient Modularization | C4: class | D4: (default package).MegamorphicBypass.Quarter | E4: 1 | F4: The class combines multiple responsibilities: it defines three distinct Coin implementations (Nickel, Dime, Quarter), manages a static moneyBox state, contains complex constructor logic with performance optimization patterns, and includes a main method. These unrelated concerns should be separated into dedicated classes for each coin type, a money box manager, and a separate performance test harness.
A5: (default package)_PolymorphismTest_Quarter.txt | B5: Insufficient Modularization | C5: class | D5: (default package).PolymorphismTest.Quarter | E5: 1 | F5: The class combines multiple responsibilities: it defines a Coin interface, implements three distinct coin types (Nickel, Dime, Quarter), contains a static moneyBox variable, includes constructor logic for performance testing with polymorphic dispatch, and has a main method. These unrelated concerns (interface definition, multiple implementations, test harness, and application entry point) should be separated into cohesive modules.
A6: (default package)_TestInner.txt | B6: Insufficient Modularization | C6: class | D6: (default package).TestInner | E6: 0 | F6: The class demonstrates appropriate modularization through nested inner classes (Inner1 and Inner2), each with distinct, cohesive responsibilities. The outer class and inner classes are small, focused, and have minimal complexity. No single class exhibits excessive size, bloated interface, or concentration of unrelated responsibilities.
A7: a_b_c_ExampleClass.txt | B7: Insufficient Modularization | C7: class | D7: a.b.c.ExampleClass | E7: 0 | F7: The class is small, focused, and has a single responsibility. It contains only one field, one constructor, and one method. The class delegates its core functionality to DataObjectFactory, showing proper separation of concerns. There is no evidence of excessive size, complexity, or bloated interface.
A8: com_github_javaparser_GeneratedJavaParserBase.txt | B8: Insufficient Modularization | C8: class | D8: com.github.javaparser.GeneratedJavaParserBase | E8: 1 | F8: The class exhibits excessive size and complexity by combining multiple responsibilities: token management, error recovery, range calculation, node list manipulation, lambda expression generation, array creation, type juggling, and parse exception message formatting. It has a bloated interface with 30+ methods handling disparate concerns rather than being decomposed into smaller, cohesive abstractions.
A9: com_github_javaparser_GeneratedJavaParserTokenManager.txt | B9: Insufficient Modularization | C9: class | D9: com.github.javaparser.GeneratedJavaParserTokenManager | E9: 1 | F9: The class exhibits excessive size and complexity with over 3,900 lines of code, containing multiple responsibilities including token management, lexical analysis, comment processing, and state machine logic. It has a bloated interface with numerous private methods for DFA state transitions (jjMoveStringLiteralDfa* methods), token processing logic, and large static data arrays (jjbitVec*). The class lacks decomposition into cohesive abstractions, concentrating lexer generation, token handling, and comment collection in a single monolithic class.
A10: com_github_javaparser_JavaToken_Kind.txt | B10: Insufficient Modularization | C10: class | D10: com.github.javaparser.JavaToken.Kind | E10: 1 | F10: The class contains two large inner enums (Category and Kind) with 8 and 153 constants respectively, plus extensive enum methods. The Kind enum includes a 152-case switch statement for valueOf and other methods. The outer class also manages token list manipulation (insert, delete, replace), range/text handling, and token category logic, concentrating multiple responsibilities in one class.
A11: com_github_javaparser_Range.txt | B11: Insufficient Modularization | C11: class | D11: com.github.javaparser.Range | E11: 0 | F11: The class is small, focused, and cohesive, representing a single abstraction (a character range in source code). It has only two fields, a constructor, and a limited set of operations that are directly related to range manipulation (creation, modification, containment checks, and overlap detection). There is no evidence of excessive size, complexity, or a bloated interface.
A12: com_github_javaparser_ast_Node_DirectChildrenIterator.txt | B12: Insufficient Modularization | C12: class | D12: com.github.javaparser.ast.Node.DirectChildrenIterator | E12: 1 | F12: The Node class exhibits excessive size and complexity with over 1000 lines of code, combining multiple responsibilities including AST node representation, parent-child relationship management, visitor pattern implementation, observer pattern implementation, data storage, tree traversal algorithms, comment handling, range/position management, symbol resolution integration, and printing/formatting logic. It contains five inner iterator classes (BreadthFirstIterator, DirectChildrenIterator, ParentsVisitor, PreOrderIterator, PostOrderIterator) that could be separate classes, and handles diverse concerns from low-level data storage to high-level tree operations, resulting in a bloated interface with numerous public methods.
A13: com_github_javaparser_ast_body_AnnotationMemberDeclaration.txt | B13: Insufficient Modularization | C13: class | D13: com.github.javaparser.ast.body.AnnotationMemberDeclaration | E13: 0 | F13: The class has a single, well-defined responsibility representing an annotation member declaration. It maintains a small, cohesive interface with only four core properties (modifiers, type, name, defaultValue) and implements standard AST node interfaces. The class size is moderate, and all methods are directly related to managing its state and AST node behavior without excessive complexity or unrelated responsibilities.
... A361: org_tensorflow_op_Ops.txt | B361: Insufficient Modularization | C361: class | D361: org.tensorflow.op.Ops | E361: 0 | F361: The class delegates responsibilities to specialized subclasses (NnOps, MathOps, etc.) through composition, has a single primary responsibility of providing a unified API for TensorFlow operations, and follows the facade pattern to organize operations into logical groups rather than implementing all functionality directly.

Sheet qwen
A1: file_name | B1: smell | C1: entity_type | D1: entity | E1: detection | F1: justification
A2: (default package)_ElisionTest.txt | B2: Insufficient Modularization | C2: class | D2: (default package).ElisionTest | E2: 0 | F2: The class ElisionTest is a simple test class with a single responsibility - to demonstrate vector operations and synchronization elision. It contains only a constructor with straightforward logic and a main method for execution. The class is small, focused, and does not exhibit excessive size, complexity, or a bloated interface that would indicate insufficient modularization.
A3: (default package)_InnerClassDotExpressions_InnerClass.txt | B3: Insufficient Modularization | C3: class | D3: (default package).InnerClassDotExpressions.InnerClass | E3: 0 | F3: The InnerClassContainer class and its nested classes are simple data structures with minimal functionality. Each class has a single responsibility and contains only static methods with straightforward implementations. The nesting hierarchy reflects a logical organization rather than excessive complexity. The classes are small, cohesive, and do not exhibit the size, complexity, or bloated interface characteristics that define insufficient modularization.
A4: (default package)_MegamorphicBypass_Quarter.txt | B4: Insufficient Modularization | C4: class | D4: (default package).MegamorphicBypass.Quarter | E4: 0 | F4: The class has a single, well-defined responsibility of demonstrating megamorphic dispatch behavior through a simple simulation. While it contains nested classes (Nickel, Dime, Quarter) and a main execution loop, the overall complexity remains low as all components directly serve the core purpose. The class does not exhibit excessive size, complexity, or a bloated interface that would warrant decomposition into separate modules.
A5: (default package)_PolymorphismTest_Quarter.txt | B5: Insufficient Modularization | C5: class | D5: (default package).PolymorphismTest.Quarter | E5: 0 | F5: The class PolymorphismTest, while containing multiple nested classes and a main method, maintains a clear and focused responsibility centered around demonstrating polymorphism behavior. The nested classes (Nickel, Dime, Quarter) are simple implementations of the Coin interface, each with a single responsibility. The constructor contains a test loop that exercises polymorphic behavior, which aligns with the class's purpose. The class does not exhibit excessive size, complexity, or a bloated interface that would warrant decomposition into smaller abstractions.
A6: (default package)_TestInner.txt | B6: Insufficient Modularization | C6: class | D6: (default package).TestInner | E6: 0 | F6: The class TestInner is relatively small and simple, with only 32 lines of code. It has a clear single responsibility of demonstrating inner class behavior. The nested inner classes (Inner1, Inner2) are logically related and serve to demonstrate the hierarchical relationship. The class does not exhibit excessive size, complexity, or bloated interface - it has only one public method (a()) and a straightforward constructor chain. The nested classes each have single responsibilities and minimal interfaces.
A7: a_b_c_ExampleClass.txt | B7: Insufficient Modularization | C7: class | D7: a.b.c.ExampleClass | E7: 0 | F7: The class is small and focused, containing only a constructor and a single method that delegates to a factory. It has a clear single responsibility of providing data objects through a factory pattern. The class does not exhibit excessive size, complexity, or bloated interface that would indicate insufficient modularization.
A8: com_github_javaparser_GeneratedJavaParserBase.txt | B8: Insufficient Modularization | C8: class | D8: com.github.javaparser.GeneratedJavaParserBase | E8: 1 | F8: ['The class has a high number of methods (over 30), indicating excessive functionality within a single abstraction.', 'Multiple responsibilities are observed such as token management, error recovery, node list operations, lambda expression generation, and array type handling.', 'Several methods deal with low-level parsing details and token manipulations that could be separated into dedicated classes or modules.', 'The class serves as a base for generated parser code but accumulates numerous utility and helper methods that violate the single responsibility principle.', "Complexity is increased by conditional logic based on 'storeTokens' flag scattered across multiple methods, suggesting a lack of cohesive design."]
A9: com_github_javaparser_GeneratedJavaParserTokenManager.txt | B9: Insufficient Modularization | C9: class | D9: com.github.javaparser.GeneratedJavaParserTokenManager | E9: 1 | F9: ['The class has excessive size with numerous methods and fields, making it difficult to understand and maintain.', 'It contains multiple responsibilities including token management, lexical analysis, and comment handling, which could be separated into smaller, more cohesive abstractions.', 'The presence of large switch statements and complex state management logic indicates a lack of decomposition.', 'The class includes many private helper methods and static arrays that contribute to its bloated interface and overall complexity.']
A10: com_github_javaparser_JavaToken_Kind.txt | B10: Insufficient Modularization | C10: class | D10: com.github.javaparser.JavaToken.Kind | E10: 0 | F10: ['The JavaToken.Kind enum is a well-encapsulated component responsible for representing token kinds in the JavaParser library.', 'It contains a reasonable number of constants (152) that correspond to different token types in the Java language, which is appropriate for its purpose.', 'The class provides essential methods such as valueOf(int kind), isPrimitive(), and getKind(), which are cohesive and directly related to token kind management.', 'The switch statement in valueOf(int kind) is a standard and efficient way to map integer values to enum constants, and its size is justified by the number of token types.', 'There is no evidence of excessive complexity, bloated interface, or mixing of responsibilities that would indicate insufficient modularization.', 'The class is focused solely on representing and managing token kinds, adhering to the single responsibility principle.']
A11: com_github_javaparser_Range.txt | B11: Insufficient Modularization | C11: class | D11: com.github.javaparser.Range | E11: 0 | F11: ['The class has a single, well-defined responsibility: representing a range of characters in a source file.', 'The class is relatively small, with only 22 methods and 2 fields, which is manageable.', 'All methods are cohesive and related to the core abstraction of a character range (e.g., creation, comparison, containment checks, and string representation).', 'There are no signs of bloated interface or excessive complexity in the method signatures or implementations.', 'The class does not expose an overly complex public API; it provides essential operations for range manipulation and querying.', "While there are several 'with*' methods for creating modified copies, these are consistent with the immutable value object pattern and do not indicate poor modularization."]
A12: com_github_javaparser_ast_Node_DirectChildrenIterator.txt | B12: Insufficient Modularization | C12: class | D12: com.github.javaparser.ast.Node.DirectChildrenIterator | E12: 0 | F12: The class Node.DirectChildrenIterator is a nested static class with a very focused responsibility - it simply iterates over the direct children of a node. It has only one field (childrenIterator) and implements a standard Iterator interface with hasNext() and next() methods. The class is small, cohesive, and well-encapsulated, representing a single, well-defined abstraction. It does not exhibit excessive size, complexity, or a bloated interface that would indicate insufficient modularization.
A13: com_github_javaparser_ast_body_AnnotationMemberDeclaration.txt | B13: Insufficient Modularization | C13: class | D13: com.github.javaparser.ast.body.AnnotationMemberDeclaration | E13: 0 | F13: The class AnnotationMemberDeclaration is well-focused, representing a single responsibility related to annotation member declarations in Java. It has a manageable size with clear fields (modifiers, type, name, defaultValue) and methods that handle properties, visitor patterns, cloning, and resolution logic. The class leverages multiple interfaces to provide specific behaviors (e.g., NodeWithJavadoc, NodeWithType), which promotes modular design rather than bloating the class. There is no evidence of excessive complexity, duplicated logic, or intertwined responsibilities that would indicate insufficient decomposition.
... A36: com_github_javaparser_metamodel_YieldStmtMetaModel.txt | B36: Insufficient Modularization | C36: class | D36: com.github.javaparser.metamodel.YieldStmtMetaModel | E36: 0 | F36: The class YieldStmtMetaModel is a small, focused class with minimal responsibilities. It extends StatementMetaModel and only contains a constructor and one field, indicating proper decomposition and adherence to single responsibility principle. The class is also auto-generated, which implies it follows a predefined structural pattern rather than manual design flaws.
A37: com_github_javaparser_printer_XmlPrinter.txt | B37: insufficient_modularization | C37: class | D37: com.github.javaparser.printer.XmlPrinter
A38: com_github_javaparser_printer_concretesyntaxmodel_CsmList.txt | B38: Insufficient Modularization | C38: class | D38: com.github.javaparser.printer.concretesyntaxmodel.CsmList | E38: 0 | F38: The class CsmList is well-factored with a single responsibility of handling list printing in the concrete syntax model. It has a clear interface with appropriate constructors and getter methods. The prettyPrint method, while somewhat complex due to handling different node types and separator logic, is cohesive and directly related to the class's core responsibility. The class size is reasonable (approximately 100 lines) and does not exhibit excessive complexity or bloated interface. The design follows good separation of concerns by delegating printing operations to other CsmElement instances and ConcreteSyntaxModel.
A39: com_github_javaparser_printer_lexicalpreservation_ReshuffledDiffElementExtractor_MatchClassification.txt | B39: Insufficient Modularization | C39: class | D39: com.github.javaparser.printer.lexicalpreservation.ReshuffledDiffElementExtractor.MatchClassification | E39: 0 | F39: The class ReshuffledDiffElementExtractor, while containing complex logic for handling reshuffled elements and their correspondence mapping, remains within reasonable size and complexity boundaries. It encapsulates a single cohesive responsibility of extracting and processing reshuffled difference elements. The methods are meaningfully organized, and the inner enum MatchClassification supports the class's functionality without indicating bloating. There is no evidence of excessive size, complexity, or a bloated interface that would suggest the need for further decomposition.
A40: com_github_javaparser_printer_lexicalpreservation_TextElementIteratorsFactory_EmptyIterator.txt | B40: Insufficient Modularization | C40: class | D40: com.github.javaparser.printer.lexicalpreservation.TextElementIteratorsFactory.EmptyIterator | E40: 1 | F40: ['The class TextElementIteratorsFactory contains multiple nested classes (CascadingIterator, EmptyIterator, SingleElementIterator, ComposedIterator) that implement different iterator behaviors, indicating a concentration of responsibilities.', 'The class has multiple public static methods (reverseIterator, partialReverseIterator) that deal with different aspects of iterator creation and composition, adding to its complexity.', 'The class serves as a factory for various iterator types while also containing complex logic for iterator composition and management, making it large and multifaceted.', 'The presence of nested classes and multiple utility methods suggests that the abstraction has not been adequately decomposed into smaller, more cohesive units.']
A41: com_github_javaparser_resolution_Navigator.txt | B41: Insufficient Modularization | C41: class | D41: com.github.javaparser.resolution.Navigator | E41: 0 | F41: ['The class has a single, well-defined responsibility: providing utility methods for navigating and retrieving nodes from a JavaParser AST.', 'All methods are cohesive and related to the core purpose of the class.', 'The class is appropriately sized with 35 methods, which is reasonable for a utility class of this nature.', 'There is no evidence of excessive complexity or bloated interfaces.', "Methods are logically grouped and consistently named, following a clear pattern (e.g., 'demand*' and 'find*' prefixes)."]
A42: com_github_javaparser_resolution_Resolvable.txt | B42: Insufficient Modularization | C42: class | D42: com.github.javaparser.resolution.Resolvable | E42: 0 | F42: The Resolvable interface is a minimal, well-defined abstraction with a single method 'resolve()'. It adheres to the Single Responsibility Principle and does not exhibit excessive size, complexity, or a bloated interface. The interface is properly focused on its core responsibility of resolving a type T, making it sufficiently modular.
A43: com_github_javaparser_resolution_logic_ConstructorResolutionLogic.txt | B43: Insufficient Modularization | C43: class | D43: com.github.javaparser.resolution.logic.ConstructorResolutionLogic | E43: 0 | F43: ['The class has a clear and focused responsibility: resolving constructor applicability and finding the most applicable constructor.', 'The class is of moderate size with only 150 lines of code, which is manageable.', 'It has a well-defined interface with only 3 public methods, all closely related to constructor resolution logic.', 'The class properly uses helper methods (isApplicable, findMostApplicable) to decompose complex logic.', 'There is no evidence of excessive complexity or bloated interface.', 'The class follows single responsibility principle by focusing solely on constructor resolution logic without mixing unrelated concerns.']
A44: com_github_javaparser_resolution_logic_MethodResolutionLogic.txt | B44: Insufficient Modularization | C44: class | D44: com.github.javaparser.resolution.logic.MethodResolutionLogic | E44: 1 | F44: ['The class has excessive size with many methods (more than 50), indicating high complexity.', 'Multiple responsibilities are mixed within the class, including method applicability checking, type inference, lambda conflict resolution, and method specificity determination.', 'Large methods with complex logic, such as `isApplicable` and `findMostApplicable`, suggest insufficient decomposition of responsibilities.', 'Helper methods like `substituteDeclaringTypeParameters` and `inferTypes` indicate tightly coupled logic that could be modularized into separate classes or components.', 'Lack of clear separation of concerns makes the class difficult to understand, maintain, and evolve.']
A45: com_github_javaparser_serialization_JavaParserJsonSerializer.txt | B45: Insufficient Modularization | C45: class | D45: com.github.javaparser.serialization.JavaParserJsonSerializer | E45: 0 | F45: The class JavaParserJsonSerializer is focused on a single responsibility: serializing JavaParser AST nodes to JSON. While it contains several methods, they are all cohesive and directly related to the serialization process. The class has a clear public interface with the main serialize method and protected methods that allow for customization. The presence of nested enums for JSON structure constants is appropriate for encapsulating related data. The class does not exhibit excessive size or complexity that would warrant decomposition into multiple classes. All methods serve the core purpose of serialization, maintaining a consistent level of abstraction.
A46: com_github_javaparser_serialization_JavaParserJsonSerializer_JsonTokenRange.txt | B46: Insufficient Modularization | C46: class | D46: com.github.javaparser.serialization.JavaParserJsonSerializer.JsonTokenRange | E46: 0 | F46: The class JavaParserJsonSerializer is well-focused on its responsibility of serializing AST nodes to JSON. It has a clear separation of concerns with helper methods for writing different parts of the JSON structure (e.g., writeRange, writeTokens, writeToken). The class is of moderate size and does not exhibit excessive complexity or a bloated interface. The inner enums (JsonNode, JsonRange, JsonTokenRange, JsonToken) are used for organizing JSON property keys and are appropriately encapsulated within the class. Overall, the class demonstrates sufficient modularization.
A47: com_github_javaparser_symbolsolver_SourceFileInfoExtractor.txt | B47: Insufficient Modularization | C47: class | D47: com.github.javaparser.symbolsolver.SourceFileInfoExtractor | E47: 0 | F47: ['The class has a single, well-defined responsibility: extracting and reporting information from source files using JavaParser.', 'The class is of moderate size (~150 lines) and does not exhibit excessive complexity.', 'Methods are generally small and focused, each handling a specific aspect of the functionality (e.g., solving types, solving method calls, collecting nodes).', 'There is no evidence of a bloated interface; the public methods are limited and cohesive.', 'The internal logic is well-organized with appropriate helper methods, and there is no significant duplication or entanglement of concerns.']
A48: com_github_javaparser_symbolsolver_cache_NoCache.txt | B48: Insufficient Modularization | C48: class | D48: com.github.javaparser.symbolsolver.cache.NoCache | E48: 0 | F48: The class NoCache is a minimal implementation of the Cache interface with only essential methods. It has a single responsibility of providing a no-op cache implementation. The class is small, simple, and well-cohesive, containing only the necessary methods to fulfill its contract as a cache that stores nothing. There is no evidence of excessive size, complexity, or bloated interface that would indicate insufficient modularization.
A49: com_github_javaparser_symbolsolver_core_resolution_MethodUsageResolutionCapability.txt | B49: Insufficient Modularization | C49: class | D49: com.github.javaparser.symbolsolver.core.resolution.MethodUsageResolutionCapability | E49: 0 | F49: The class is a simple interface with only one method declaration. It has minimal size and complexity, representing a well-defined abstraction with a single responsibility. There is no evidence of inadequate decomposition or bloated interface.
... A86: com_google_zxing_EncodeHintType.txt | B86: Insufficient Modularization | C86: class | D86: com.google.zxing.EncodeHintType | E86: 0 | F86: The EncodeHintType enum is a well-encapsulated enumeration that defines a fixed set of encoding hints. It has a single responsibility of representing different encoding options and their documentation. The class is not excessively large or complex, and each enum constant is clearly defined with appropriate Javadoc comments. The enum does not contain any methods or additional logic that would indicate bloated functionality or inadequate decomposition. This is a proper use of an enum to represent a closed set of options, and it adheres to good modularization principles.
A87: com_google_zxing_ResultPointCallback.txt | B87: insufficient_modularization | C87: class | D87: com.google.zxing.ResultPointCallback
A88: com_google_zxing_aztec_encoder_SimpleToken.txt | B88: Insufficient Modularization | C88: class | D88: com.google.zxing.aztec.encoder.SimpleToken | E88: 0 | F88: The class SimpleToken is small and focused, with only two fields (value and bitCount) and three methods (constructor, appendTo, and toString). It has a single responsibility of representing a simple token in the Aztec encoder and properly encapsulates its behavior. The class does not exhibit excessive size, complexity, or a bloated interface that would indicate insufficient modularization.
A89: com_google_zxing_client_android_HttpHelper_ContentType.txt | B89: Insufficient Modularization | C89: class | D89: com.google.zxing.client.android.HttpHelper.ContentType | E89: 0 | F89: The class HttpHelper is a utility class with a clear, single responsibility: providing HTTP-related helper methods. It has a moderate size (approximately 1888 characters), well-defined methods, and cohesive functionality. The class handles HTTP content downloading, redirection, and connection management, all closely related tasks. It does not exhibit excessive complexity, and its interface is not bloated. The methods are appropriately sized and focused, and the class is well-organized with clear separation of concerns. Therefore, it does not qualify as insufficiently modularized.
A90: com_google_zxing_client_android_Intents.txt | B90: Insufficient Modularization | C90: class | D90: com.google.zxing.client.android.Intents | E90: 0 | F90: ['The class is a utility class containing only public static final nested classes and constants, with no executable code outside of private constructors', 'Each nested class (Scan, History, Encode, SearchBookContents, WifiConnect, Share) represents a distinct conceptual grouping of related constants', 'The class has a clear single responsibility: providing intent constants for different barcode scanning operations', 'The size is appropriate for its purpose (under 200 lines of actual code)', 'The interface is not bloated - it provides a clean, organized structure with logical groupings', 'The class follows good design principles by using nested classes to namespace related constants', 'There is no excessive complexity or mixing of responsibilities that would indicate insufficient decomposition']
A91: com_google_zxing_client_android_PreferencesActivity.txt | B91: Insufficient Modularization | C91: class | D91: com.google.zxing.client.android.PreferencesActivity | E91: 0 | F91: The class is minimal and well-focused, serving only as an entry point for preferences UI. It contains only essential constants for preference keys and a simple onCreate method that delegates to a PreferencesFragment. The class properly separates concerns by delegating UI management to the fragment, maintaining good cohesion and single responsibility.
A92: com_google_zxing_client_android_encode_Formatter.txt | B92: Insufficient Modularization | C92: class | D92: com.google.zxing.client.android.encode.Formatter | E92: 0 | F92: The Formatter interface is properly modularized with a single, well-defined responsibility. It contains only one method (format) that performs a specific formatting task, adhering to the Single Responsibility Principle. The interface is small, focused, and cohesive, representing a clear abstraction for formatting operations. There is no evidence of excessive size, complexity, or bloated interface that would indicate insufficient modularization.
A93: com_google_zxing_client_android_encode_MECARDContactEncoder_MECARDTelDisplayFormatter.txt | B93: Insufficient Modularization | C93: class | D93: com.google.zxing.client.android.encode.MECARDContactEncoder.MECARDTelDisplayFormatter | E93: 0 | F93: The class MECARDTelDisplayFormatter is a private static nested class with a single responsibility: formatting telephone numbers for display in MECARD format. It contains only a constant pattern and a single method implementation, making it highly cohesive and appropriately sized. The class does not exhibit excessive size, complexity, or a bloated interface, and its functionality is well-decomposed from the outer class responsibilities.
A94: com_google_zxing_client_android_history_HistoryActivity.txt | B94: Insufficient Modularization | C94: class | D94: com.google.zxing.client.android.history.HistoryActivity | E94: 0 | F94: ['The class has a single, well-defined responsibility: managing the UI and interactions for displaying and manipulating scan history.', 'The class is of moderate size and does not contain excessive methods or lines of code.', 'Complexity is managed through appropriate separation of concerns, with helper methods like reloadHistoryItems() and proper use of HistoryManager for data operations.', 'The class follows standard Android patterns for ListActivity, context menus, and options menus without unnecessary entanglement of responsibilities.', 'No bloated interface or excessive public methods are present that would indicate insufficient decomposition.']
A95: com_google_zxing_client_android_history_HistoryItemAdapter.txt | B95: Insufficient Modularization | C95: class | D95: com.google.zxing.client.android.history.HistoryItemAdapter | E95: 0 | F95: The class has a single, well-defined responsibility of adapting HistoryItem objects for display in a list view. It contains only essential methods related to view creation and data binding, with minimal complexity. The class is small in size and does not exhibit excessive responsibilities or a bloated interface that would warrant decomposition.
A96: com_google_zxing_client_j2se_EncoderConfig.txt | B96: insufficient_modularization | C96: class | D96: com.google.zxing.client.j2se.EncoderConfig
A97: com_google_zxing_client_j2se_MatrixToImageConfig.txt | B97: Insufficient Modularization | C97: class | D97: com.google.zxing.client.j2se.MatrixToImageConfig | E97: 0 | F97: The class MatrixToImageConfig is a small, cohesive configuration class with only 42 lines of code. It has a single responsibility of encapsulating configuration for matrix to image conversion, with clear and focused methods. The class contains only essential fields (onColor, offColor) and methods directly related to configuration management and color model determination. There is no excessive complexity, bloated interface, or concentrated responsibilities that would indicate insufficient modularization.
A98: com_google_zxing_client_result_AddressBookDoCoMoResultParser.txt | B98: Insufficient Modularization | C98: class | D98: com.google.zxing.client.result.AddressBookDoCoMoResultParser | E98: 0 | F98: The class has a single, well-defined responsibility of parsing MECARD format address book entries. It contains only essential methods for parsing and processing the specific data format, with a clear and focused purpose. The class is not excessively large or complex, and its interface is not bloated. It properly extends a parent class and encapsulates its parsing logic without unnecessary complexity or scattered responsibilities.
A99: com_google_zxing_client_result_VINResultParser.txt | B99: Insufficient Modularization | C99: class | D99: com.google.zxing.client.result.VINResultParser | E99: 0 | F99: The class VINResultParser is appropriately focused on parsing VIN codes and contains a cohesive set of methods related to VIN validation and parsing. While it has several private helper methods, they all serve the single responsibility of parsing and validating VINs. The class is of moderate size and does not exhibit excessive complexity or a bloated interface. The methods are well-organized and each serves a specific purpose in the VIN parsing process, maintaining good cohesion and reasonable decomposition.
A100: com_google_zxing_common_BitMatrix.txt | B100: Insufficient Modularization | C100: class | D100: com.google.zxing.common.BitMatrix | E100: 0 | F100: The BitMatrix class, while large in terms of lines of code, represents a single cohesive abstraction: a 2D matrix of bits. All methods are directly related to bit manipulation, matrix operations, and data representation. The class has a single responsibility of managing a 2D bit matrix with efficient internal storage. The methods are well-organized around this central abstraction, including constructors, bit manipulation (get/set/unset/flip), region operations, rotation, parsing, and utility methods. The internal representation using a 1D array of ints is consistently used throughout all operations. While the class has many methods, they all serve the same core purpose and are appropriately grouped together. The class does not mix unrelated responsibilities and maintains good cohesion around its central abstraction.
A101: com_google_zxing_common_ECIEncoderSet.txt | B101: Insufficient Modularization | C101: class | D101: com.google.zxing.common.ECIEncoderSet | E101: 0 | F101: ['The class has a single, well-defined responsibility: managing a set of CharsetEncoders for encoding strings according to ECI standards.', 'The class adheres to the Single Responsibility Principle by focusing solely on encoder management and encoding operations.', 'While the class has moderate complexity due to the encoding logic, it maintains clear invariants and well-documented behavior.', "The methods are cohesive and directly related to the class's core purpose of handling multiple encoders for barcode encoding.", 'The class does not exhibit excessive size or a bloated interface - it provides a focused set of operations for encoder set management.']
A102: com_google_zxing_common_reedsolomon_ReedSolomonEncoder.txt | B102: Insufficient Modularization | C102: class | D102: com.google.zxing.common.reedsolomon.ReedSolomonEncoder | E102: 0 | F102: The class has a single, well-defined responsibility of performing Reed-Solomon encoding. It encapsulates the encoding logic and manages generator polynomials caching. The class is relatively small (less than 50 lines), has low complexity, and a focused interface with only three public methods (constructor, buildGenerator, encode). There is no evidence of bloated interface or concentrated responsibilities that could be separated into smaller abstractions.
A103: com_google_zxing_datamatrix_decoder_DataBlock.txt | B103: Insufficient Modularization | C103: class | D103: com.google.zxing.datamatrix.decoder.DataBlock | E103: 0 | F103: The class has a clear single responsibility of encapsulating data blocks and providing a factory method to de-interleave raw codewords into data blocks. While the getDataBlocks method is complex, it represents a cohesive algorithm for data block reconstruction that logically belongs together. The class has only 3 methods (constructor, getDataBlocks, and 2 simple getters) and 2 fields, which is not excessive. The complexity is inherent to the data matrix decoding process rather than due to poor modularization.
A104: com_google_zxing_datamatrix_decoder_Version_ECBlocks.txt | B104: Insufficient Modularization | C104: class | D104: com.google.zxing.datamatrix.decoder.Version.ECBlocks | E104: 0 | F104: The class Version is well-focused on representing a Data Matrix Code version with clear responsibilities. It encapsulates version-specific data and provides a method to deduce version from dimensions. The nested classes ECBlocks and ECB are logically related and kept within the same file for cohesion, which is acceptable given their tight coupling to Version. The class does not exhibit excessive size, complexity, or a bloated interface. The total line count is reasonable for its functionality, and the methods are cohesive and well-named, supporting maintainability and understandability.
A105: com_google_zxing_datamatrix_encoder_HighLevelEncoder.txt | B105: Insufficient Modularization | C105: class | D105: com.google.zxing.datamatrix.encoder.HighLevelEncoder | E105: 1 | F105: ['The class has a large number of lines of code and contains multiple responsibilities such as encoding logic for different modes (C40, Text, X12, EDIFACT, Base256), lookahead testing, character type checking, and macro handling.', 'It directly manages encoding context and control flow for various encoding strategies instead of delegating to specialized classes.', 'The class includes many static methods and constants related to different encoding modes, which indicates a lack of decomposition into separate, cohesive abstractions.', 'Complex conditional logic is present in methods like `lookAheadTestIntern`, increasing the complexity and making the class harder to understand and maintain.']
A106: com_google_zxing_oned_CodaBarReader.txt | B106: Insufficient Modularization | C106: class | D106: com.google.zxing.oned.CodaBarReader | E106: 0 | F106: The class CodaBarReader is well-focused on decoding Codabar barcodes and encapsulates related functionality without excessive complexity. While it contains several methods and responsibilities, they are all cohesive and directly related to the barcode decoding process. The class does not exhibit signs of being bloated or having responsibilities that could be separated into smaller abstractions. It maintains a clear purpose and reasonable size, with methods that support its core responsibility of decoding.
A107: com_google_zxing_oned_rss_expanded_decoders_AI013103decoder.txt | B107: Insufficient Modularization | C107: class | D107: com.google.zxing.oned.rss.expanded.decoders.AI013103decoder | E107: 0 | F107: The class AI013103decoder is a small, focused class with only two overridden methods and a constructor. It extends AI013x0xDecoder and implements specific behavior for adding weight codes and checking weight values. The class has a single responsibility, is not excessively large, and does not exhibit complexity that would warrant further decomposition.
A108: com_google_zxing_oned_rss_expanded_decoders_FieldParser_DataLength.txt | B108: Insufficient Modularization | C108: class | D108: com.google.zxing.oned.rss.expanded.decoders.FieldParser.DataLength | E108: 0 | F108: The class FieldParser is a well-focused utility class responsible for parsing fields in a specific data format (RSS expanded decoder). While it contains several static initialization blocks for mapping data lengths, these are cohesive and directly related to its core responsibility of field parsing. The class has a clear single purpose, with all methods and fields tightly related to parsing logic. The inner class DataLength is also minimal and serves only to encapsulate data length information. The class does not exhibit excessive size, complexity, or a bloated interface that would indicate insufficient modularization.
... A117: foo_B.txt | B117: Insufficient Modularization | C117: class | D117: foo.B | E117: 0 | F117: The class B is an abstract class that only implements interface A without any additional methods, fields, or complex logic. It has minimal size and complexity, representing a simple abstraction without any bloated interface or concentrated responsibilities that would indicate insufficient modularization.
A118: foo_OtherClass.txt | B118: insufficient_modularization | C118: class | D118: foo.OtherClass
A119: issue241_TypeWithMemberType_MemberInterface.txt | B119: Insufficient Modularization | C119: class | D119: issue241.TypeWithMemberType.MemberInterface | E119: 0 | F119: The MemberInterface is an empty interface with no methods, fields, or complex functionality. It does not exhibit excessive size, complexity, or bloated interface. The interface is minimal and does not concentrate multiple responsibilities that could be separated.
A120: main_Clazz_MyEnum.txt | B120: Insufficient Modularization | C120: class | D120: main.Clazz.MyEnum | E120: 0 | F120: The class Clazz is extremely simple, containing only a basic enum MyEnum with two values (A, B) and minimal constructor logic. The class has very low complexity, small size, and a simple interface. There are no signs of inadequate decomposition or concentration of multiple responsibilities that would indicate insufficient modularization.
A121: net_bytebuddy_NamingStrategy.txt | B121: Insufficient Modularization | C121: class | D121: net.bytebuddy.NamingStrategy | E121: 0 | F121: The class NamingStrategy is an interface that defines a clear abstraction for naming strategies. It includes several well-defined nested classes (Suffixing, SuffixingRandom, PrefixingRandom) and an abstract base class (AbstractBase), each with distinct responsibilities. The structure demonstrates good decomposition with separate classes handling different naming logic (suffixing, random suffixing, prefixing). The interface and its nested classes maintain clear separation of concerns, appropriate cohesion, and reasonable size for their respective responsibilities. The class properly delegates specific naming behaviors to specialized implementations rather than concentrating too many responsibilities in a single class.
A122: net_bytebuddy_NamingStrategy_PrefixingRandom.txt | B122: Insufficient Modularization | C122: class | D122: net.bytebuddy.NamingStrategy.PrefixingRandom | E122: 0 | F122: The class PrefixingRandom is small and focused, implementing only the name method from the abstract base class AbstractBase. It has a single responsibility of generating names with a prefix and random suffix. The class does not exhibit excessive size, complexity, or a bloated interface. All fields (prefix and randomString) are directly related to its single responsibility, and the logic in the name method is straightforward. Therefore, it does not represent an abstraction that has not been adequately decomposed.
A123: net_bytebuddy_agent_ByteBuddyAgent_AgentProvider.txt | B123: Insufficient Modularization | C123: class | D123: net.bytebuddy.agent.ByteBuddyAgent.AgentProvider | E123: 1 | F123: ['The class has excessive size with numerous methods and nested classes, making it complex and difficult to understand.', 'It concentrates multiple responsibilities including agent installation, attachment handling, process identification, and agent provisioning.', 'The class contains several nested interfaces and enums (AttachmentProvider, ProcessProvider, AgentProvider, AttachmentTypeEvaluator) that could be separated into their own cohesive abstractions.', 'The presence of multiple overloaded methods for attach and install operations increases the interface complexity.', 'The class handles both Java agent JAR creation and native agent attachment, mixing different concerns.']
A124: net_bytebuddy_agent_ByteBuddyAgent_Compound.txt | B124: Insufficient Modularization | C124: class | D124: net.bytebuddy.agent.ByteBuddyAgent.Compound | E124: 1 | F124: ["The class 'ByteBuddyAgent' is excessively large, containing over 13,962 lines of code, which indicates high complexity and lack of decomposition.", 'It encompasses multiple responsibilities including agent installation, attachment handling, process identification, and instrumentation retrieval, which should be separated into distinct classes or modules.', 'The class contains several nested interfaces and enums (e.g., AttachmentProvider, ProcessProvider, AgentProvider, AttachmentTypeEvaluator) that further contribute to its bloated interface and complexity.', "The presence of numerous private static methods and overloaded public methods for similar operations (e.g., multiple 'attach' and 'install' variants) suggests that the class is doing too much and lacks proper modularization.", 'The class violates the Single Responsibility Principle by managing various aspects of agent management, making it difficult to understand, maintain, and evolve.']
A125: net_bytebuddy_agent_ByteBuddyAgent_ExternalAttachment.txt | B125: Insufficient Modularization | C125: class | D125: net.bytebuddy.agent.ByteBuddyAgent.ExternalAttachment | E125: 1 | F125: ['The class has excessive size with numerous methods and nested classes, making it difficult to understand and maintain.', 'It concentrates multiple responsibilities including agent installation, attachment handling, process management, and instrumentation lookup.', 'The class contains several nested interfaces and enums (AttachmentProvider, ProcessProvider, AgentProvider, AttachmentTypeEvaluator) that could be separated into their own cohesive abstractions.', 'Complexity is increased by the presence of multiple attachment strategies, platform-specific logic, and fallback mechanisms all within a single class.', 'The bloated interface makes it hard to evolve specific parts without affecting the entire class structure.']
A126: net_bytebuddy_agent_VirtualMachine_AbstractBase.txt | B126: Insufficient Modularization | C126: class | D126: net.bytebuddy.agent.VirtualMachine.AbstractBase | E126: 0 | F126: The class VirtualMachine.AbstractBase is an abstract class with only three simple method implementations that delegate to other methods with default parameters. It does not exhibit excessive size, complexity, or a bloated interface. The class has a single, well-defined responsibility of providing default implementations for the loadAgent, loadAgentPath, and loadAgentLibrary methods, making it a properly modularized component within the larger VirtualMachine interface hierarchy.
A127: net_bytebuddy_agent_VirtualMachine_Dispatcher.txt | B127: Insufficient Modularization | C127: class | D127: net.bytebuddy.agent.VirtualMachine.Dispatcher | E127: 1 | F127: ['The VirtualMachine class has excessive size with multiple nested classes (ForHotSpot, ForOpenJ9, AbstractBase) and interfaces (Connection, Dispatcher) that could be separated into distinct modules.', 'The class contains multiple responsibilities including virtual machine abstraction, platform-specific implementations for HotSpot and OpenJ9, various connection mechanisms (POSIX sockets, Windows named pipes, Solaris doors), and native library interactions.', 'The ForHotSpot nested class alone contains extensive platform-specific code for different operating systems (Windows, Solaris, POSIX) with complex connection logic that should be decomposed.', 'The class has a bloated interface with numerous methods for different agent loading operations (loadAgent, loadAgentPath, loadAgentLibrary) and management operations (startManagementAgent, startLocalManagementAgent).', 'Platform-specific implementations are tightly coupled within the class hierarchy rather than being properly modularized into separate, cohesive abstractions.']
A128: net_bytebuddy_agent_VirtualMachine_SecurityAttributes.txt | B128: Insufficient Modularization | C128: class | D128: net.bytebuddy.agent.VirtualMachine.SecurityAttributes | E128: 1 | F128: ['The VirtualMachine class is excessively large with 21485 lines, containing multiple nested classes (ForHotSpot, ForOpenJ9, Connection hierarchy, Dispatcher hierarchy) that implement different platform-specific attachment mechanisms', 'The class violates the Single Responsibility Principle by combining interface definitions, multiple platform-specific implementations, abstract base classes, and utility classes all within a single file', 'The class has a bloated interface with numerous methods (getSystemProperties, getAgentProperties, loadAgent, loadAgentPath, loadAgentLibrary, startManagementAgent, startLocalManagementAgent, detach) that are implemented differently across nested classes', 'Platform-specific logic for Windows, POSIX, Solaris, and OpenJ9 is all contained within the same class structure rather than being properly decomposed into separate modules', 'The nested class hierarchy creates excessive complexity with multiple levels of abstraction (Connection -> ForJnaPosixSocket -> PosixLibrary, etc.) making the class difficult to understand and maintain', 'The class concentrates too many responsibilities including VM attachment, property management, socket communication, security attributes handling, and platform-specific process management']
A129: net_bytebuddy_agent_VirtualMachine_UsingStat.txt | B129: Insufficient Modularization | C129: class | D129: net.bytebuddy.agent.VirtualMachine.UsingStat | E129: 1 | F129: ['The VirtualMachine class is excessively large with 21486 lines of code, making it difficult to understand and maintain.', 'The class contains multiple nested classes (ForHotSpot, ForOpenJ9, AbstractBase) and interfaces (Connection, Dispatcher) that implement different functionalities, indicating a lack of proper decomposition.', 'The class handles various responsibilities including VM attachment for different platforms (Windows, Solaris, POSIX), connection management, property handling, and agent loading, violating the Single Responsibility Principle.', 'Complexity is increased by platform-specific implementations scattered throughout the class rather than being properly modularized.', 'The class exposes a bloated interface with numerous methods for different VM operations, contributing to its insufficent modularization.']
A130: net_bytebuddy_asm_AsmVisitorWrapper_NoOp.txt | B130: Insufficient Modularization | C130: class | D130: net.bytebuddy.asm.AsmVisitorWrapper.NoOp | E130: 0 | F130: ['The class AsmVisitorWrapper is an interface that defines a clear abstraction for ASM visitor wrappers with a well-defined purpose.', 'It contains several nested classes (NoOp, AbstractBase, ForDeclaredFields, ForDeclaredMethods, Compound) that are logically related and contribute to the overall functionality of ASM visitor wrapping.', 'Each nested class has a distinct responsibility: NoOp provides a no-operation implementation, AbstractBase offers a base implementation, ForDeclaredFields handles field visitor wrapping, ForDeclaredMethods manages method visitor wrapping, and Compound allows chaining of wrappers.', 'The class structure follows the Interface Segregation Principle and Single Responsibility Principle, with each component having a clear and specific role.', 'The size and complexity of the class are justified by the comprehensive functionality it provides for ASM visitor wrapping, and the nested classes are appropriately cohesive and decoupled.', 'There is no evidence of excessive size, complexity, or bloated interface that would indicate insufficient modularization.']
... A143: net_bytebuddy_benchmark_jmh_generated_ClassByExtensionBenchmark_benchmarkByteBuddyWithProxyAndReusedDelegatorWithTypePool_jmhTest.txt | B143: Insufficient Modularization | C143: class | D143: net.bytebuddy.benchmark.jmh.generated.ClassByExtensionBenchmark.benchmarkByteBuddyWithProxyAndReusedDelegatorWithTypePool.jmhTest | E143: 0 | F143: ['The class is auto-generated by JMH (Java Microbenchmark Harness), which typically produces large, monolithic classes as part of its code generation process.', 'Despite its size, the class follows a consistent structural pattern with repeated benchmark method structures, indicating intentional design rather than poor decomposition.', 'Each benchmark method (e.g., throughput, average time, sample time, single shot) is self-contained and handles a specific concern, showing logical separation within the generated structure.', 'There is no evidence of mixed responsibilities or lack of cohesion beyond what is expected from a code-generated benchmarking artifact.']
A144: net_bytebuddy_benchmark_jmh_generated_ClassByImplementationBenchmark_baseline_jmhTest.txt | B144: insufficient_modularization | C144: class | D144: net.bytebuddy.benchmark.jmh.generated.ClassByImplementationBenchmark.baseline.jmhTest
A145: net_bytebuddy_benchmark_jmh_generated_ClassByImplementationBenchmark_benchmarkJavassist_jmhTest.txt | B145: Insufficient Modularization | C145: class | D145: net.bytebuddy.benchmark.jmh.generated.ClassByImplementationBenchmark.benchmarkJavassist.jmhTest | E145: 0 | F145: ['The class is auto-generated by JMH (Java Microbenchmark Harness), which typically produces large, monolithic classes as part of its benchmarking infrastructure.', 'The class contains multiple benchmark methods (e.g., benchmarkJavassist_Throughput, benchmarkJavassist_AverageTime, etc.) and their corresponding stubs, which is expected behavior for JMH-generated test classes.', 'Despite its size, the class follows a consistent structural pattern where each benchmark mode (Throughput, AverageTime, SampleTime, SingleShotTime) has dedicated methods with similar logic, indicating intentional design rather than poor modularization.', 'There is no evidence of unrelated responsibilities being mixed within the class; all methods are related to executing and measuring benchmarks.', "The presence of numerous padding fields (p000 to p255) and boilerplate code is characteristic of JMH's approach to prevent false sharing and ensure accurate benchmarking, not a sign of insufficient modularization."]
A146: net_bytebuddy_benchmark_jmh_generated_SuperClassInvocationBenchmark_benchmarkByteBuddyWithPrefix_jmhTest.txt | B146: Insufficient Modularization | C146: class | D146: net.bytebuddy.benchmark.jmh.generated.SuperClassInvocationBenchmark.benchmarkByteBuddyWithPrefix.jmhTest | E146: 0 | F146: ['The class is a JMH-generated benchmark test class, which typically contains boilerplate code for performance testing.', "The class has a single, well-defined responsibility: to benchmark the 'benchmarkByteBuddyWithPrefix' method.", "While the class is large due to JMH's code generation patterns, it doesn't exhibit excessive complexity or bloated interfaces.", 'The methods follow a consistent pattern for different benchmark modes (Throughput, AverageTime, SampleTime, SingleShotTime).', "The class doesn't accumulate unrelated responsibilities that could be separated into smaller abstractions.", "The padding fields (p000-p255) and other instance variables are purposefully added for JMH's memory layout optimization.", "The repetitive code structure is inherent to JMH's benchmark generation and doesn't indicate poor modularization."]
A147: net_bytebuddy_benchmark_jmh_generated_SuperClassInvocationBenchmark_benchmarkByteBuddyWithProxy_jmhTest.txt | B147: Insufficient Modularization | C147: class | D147: net.bytebuddy.benchmark.jmh.generated.SuperClassInvocationBenchmark.benchmarkByteBuddyWithProxy.jmhTest | E147: 0 | F147: ['The class is auto-generated by JMH (Java Microbenchmark Harness), which typically produces large, monolithic classes as part of its code generation process.', 'The class serves a single, well-defined purpose: to execute and measure benchmarks for ByteBuddy proxy invocation performance.', 'While the class is large (~450 lines), it does not exhibit excessive complexity or a bloated interface. Its methods are repetitive but follow a consistent pattern required for benchmark execution across different measurement modes (Throughput, AverageTime, SampleTime, SingleShotTime).', 'There is no evidence of multiple unrelated responsibilities being handled within the class; all logic pertains directly to setting up, running, and reporting on specific benchmark scenarios.', 'Given that this is machine-generated code with a narrow focus, standard modularization principles do not necessarily apply.']
A148: net_bytebuddy_build_AccessControllerPlugin_Initializer.txt | B148: Insufficient Modularization | C148: class | D148: net.bytebuddy.build.AccessControllerPlugin.Initializer | E148: 0 | F148: The class 'AccessControllerPlugin.Initializer' is abstract and serves a single, well-defined purpose: to initialize a field based on the availability of java.security.AccessController. It has a clear hierarchy with two inner static classes (WithProperty and WithoutProperty) that handle specific variations of the initialization logic. The class is cohesive, with all methods and fields directly related to its core responsibility. It does not exhibit excessive size, complexity, or a bloated interface. The abstraction is appropriately decomposed, and responsibilities are well-separated between the base class and its subclasses.
A149: net_bytebuddy_build_AccessControllerPlugin_WithProperty.txt | B149: Insufficient Modularization | C149: class | D149: net.bytebuddy.build.AccessControllerPlugin.WithProperty | E149: 0 | F149: The class AccessControllerPlugin.WithProperty is a well-defined inner class with a single responsibility: initializing a field based on the availability of the AccessController and a system property. It contains only the necessary logic for this specific task, does not exhibit excessive size or complexity, and maintains a cohesive abstraction. The class properly delegates responsibilities and does not mix concerns, thus avoiding the Insufficient Modularization smell.
A150: net_bytebuddy_build_AccessControllerPlugin_WithoutProperty.txt | B150: Insufficient Modularization | C150: class | D150: net.bytebuddy.build.AccessControllerPlugin.WithoutProperty | E150: 0 | F150: ['The class has a clear and focused responsibility: instrumenting methods to dispatch to java.security.AccessController.', 'The class is well-structured with nested classes (Initializer, AccessControlWrapper) that handle specific aspects of the functionality.', 'The static initialization block, while large, is necessary for mapping signatures and is logically cohesive.', 'The class does not exhibit excessive size or complexity that would hinder understanding or maintenance.', 'Responsibilities are appropriately separated into smaller, cohesive abstractions through inner classes and methods.']
A151: net_bytebuddy_build_CachedReturnPlugin_AdviceResolver.txt | B151: Insufficient Modularization | C151: class | D151: net.bytebuddy.build.CachedReturnPlugin.AdviceResolver | E151: 1 | F151: ["The class 'CachedReturnPlugin.AdviceResolver' is an enum with a large amount of functionality embedded within it, including defining dynamic types, creating bytecode appenders, and handling advice resolution logic.", "It contains complex nested classes such as 'ExitAdviceByteCodeAppender' and 'CacheFieldOffsetMapping', which are defined within the enum, increasing its size and complexity.", 'The constructor of the enum performs significant initialization work, including building dynamic types using ByteBuddy, which contributes to the class being large and doing too much.', 'The class handles multiple responsibilities: resolving advice based on type, generating bytecode for method exit advice, and managing field offset mappings.', 'Such concentration of responsibilities and the substantial amount of code within a single enum type indicate that the abstraction has not been adequately decomposed, making it harder to understand and maintain.']
A152: net_bytebuddy_build_HashCodeAndEqualsPlugin_Sort.txt | B152: Insufficient Modularization | C152: class | D152: net.bytebuddy.build.HashCodeAndEqualsPlugin.Sort | E152: 0 | F152: The class HashCodeAndEqualsPlugin is well modularized. It has a single responsibility of generating hashCode and equals methods for annotated classes. The class is not excessively large or complex, and its interface is not bloated. It properly uses inner classes (WithNonNullableFields, Enhance, ValueHandling, Sorted, Identity, AnnotationOrderComparator, ValueMatcher) to encapsulate related functionality, demonstrating good decomposition. The class adheres to the single responsibility principle and maintains clear separation of concerns.
A153: net_bytebuddy_build_Plugin_Ambiguous.txt | B153: Insufficient Modularization | C153: class | D153: net.bytebuddy.build.Plugin.Ambiguous | E153: 0 | F153: The class Plugin.Ambiguous is a nested class within the Plugin interface and serves a single, well-defined purpose: to represent an ambiguously resolved instantiator for plugin constructors. It has a clear responsibility, encapsulated state (left and right constructors, priority, parameters), and focused behavior (replaceBy, instantiate methods). The class is small in size and complexity, adhering to the single responsibility principle. There is no evidence of excessive size, complexity, or a bloated interface that would indicate insufficient modularization.
A154: net_bytebuddy_build_Plugin_CompoundIterator.txt | B154: Insufficient Modularization | C154: class | D154: net.bytebuddy.build.Plugin.CompoundIterator | E154: 0 | F154: ['The class Plugin.CompoundIterator is a nested class within the Plugin interface and has a very focused responsibility - it implements an iterator that combines several iterables.', 'The class has a small size with only a few methods and fields, making it easy to understand and maintain.', 'It follows the Single Responsibility Principle by having only one reason to change - changes to how compound iteration is performed.', 'The class properly encapsulates its internal state (current iterator and backlog queue) and exposes only the necessary iterator methods.', 'There are no signs of excessive complexity, bloated interface, or concentrated responsibilities that would indicate insufficient modularization.', 'The class is well-decomposed and serves a single, specific purpose within the larger Plugin ecosystem.']
A155: net_bytebuddy_build_Plugin_Source.txt | B155: Insufficient Modularization | C155: class | D155: net.bytebuddy.build.Plugin.Source | E155: 1 | F155: ["The class 'Plugin.Source' is excessively large with a size of 34078 lines, indicating it encompasses too many responsibilities.", "It contains multiple nested interfaces and classes (e.g., 'Origin', 'Element', 'ForJarFile', 'ForFolder') that could be separated into their own files or packages for better organization.", 'The class handles various functionalities including file I/O operations, class file locating, jar file manipulation, and element filtering, which suggests a lack of clear separation of concerns.', "Several inner classes like 'ForJarFile', 'ForFolder', 'InMemory', and 'Filtering' under 'Source' indicate that the class is trying to manage different types of sources rather than delegating to specialized modules.", 'The presence of complex logic within iterators and compound structures further increases the complexity and reduces maintainability.']
A156: net_bytebuddy_build_Plugin_WithPreprocessor.txt | B156: Insufficient Modularization | C156: class | D156: net.bytebuddy.build.Plugin.WithPreprocessor | E156: 0 | F156: ['The class Plugin.WithPreprocessor is a simple interface with a single method onPreprocess.', 'It does not contain excessive size, complexity, or a bloated interface.', 'It represents a well-defined abstraction with a single responsibility.', 'The interface is properly decomposed and cohesive.']
... A241: net_bytebuddy_implementation_auxiliary_TypeProxy_SilentConstruction.txt | B241: Insufficient Modularization | C241: class | D241: net.bytebuddy.implementation.auxiliary.TypeProxy.SilentConstruction | E241: 1 | F241: ["The class 'TypeProxy' is excessively large, containing 5778 lines of code, which indicates high complexity and lack of proper decomposition.", 'It encompasses multiple responsibilities including proxy creation, method interception, bytecode manipulation, and handling different invocation strategies (e.g., super method, default method, reflection-based construction).', "Nested classes such as 'SilentConstruction', 'ForSuperMethodByConstructor', 'ForSuperMethodByReflectionFactory', 'ForDefaultMethod', and 'MethodCall' along with their inner classes increase the overall complexity and size of the class.", "The 'MethodCall' class contains further nested classes like 'Appender' and 'AccessorMethodInvocation', contributing to deep nesting and increased cognitive load.", "Several enum types ('AbstractMethodErrorThrow', 'SilentConstruction', 'InvocationFactory.Default') are defined within the class, adding to its bulk and responsibilities.", 'The class manages various aspects of type proxying from construction logic to bytecode generation, violating the Single Responsibility Principle.']
A242: net_bytebuddy_implementation_bind_MethodDelegationBinder_Compound.txt | B242: insufficient_modularization | C242: class | D242: net.bytebuddy.implementation.bind.MethodDelegationBinder.Compound
A243: net_bytebuddy_implementation_bind_MethodDelegationBinder_MethodInvoker.txt | B243: Insufficient Modularization | C243: class | D243: net.bytebuddy.implementation.bind.MethodDelegationBinder.MethodInvoker | E243: 1 | F243: ['The class MethodDelegationBinder is an interface that contains multiple nested interfaces, enums, and classes, resulting in excessive size and complexity.', 'It encompasses various responsibilities such as method binding, parameter binding, ambiguity resolution, and termination handling, which could be separated into smaller, more cohesive abstractions.', 'The class has a bloated interface with numerous nested components like MethodInvoker, ParameterBinding, MethodBinding, BindingResolver, AmbiguityResolver, and TerminationHandler, each with their own nested types and implementations.', 'The extensive nesting and the large number of methods and nested classes make the class difficult to understand, maintain, and evolve.']
A244: net_bytebuddy_implementation_bind_annotation_Binder_FieldSetter.txt | B244: Insufficient Modularization | C244: class | D244: net.bytebuddy.implementation.bind.annotation.Binder.FieldSetter | E244: 1 | F244: ['The Binder class is excessively large, containing over 7800 lines of code, which indicates high complexity and lack of decomposition.', 'It encompasses multiple responsibilities including annotation binding logic, field resolution strategies, bytecode manipulation implementations, and proxy type generation.', 'Nested classes such as FieldResolver and its inner classes (ForGetter, ForSetter, etc.) along with AccessorProxy and related implementations are tightly coupled within the same file, violating the principle of separation of concerns.', 'The class handles various aspects like constructor implementation for static and instance fields, getter and setter method implementations, and auxiliary type creation, all within a single class structure.']
A245: net_bytebuddy_implementation_bind_annotation_TargetMethodAnnotationDrivenBinder_Handler.txt | B245: Insufficient Modularization | C245: class | D245: net.bytebuddy.implementation.bind.annotation.TargetMethodAnnotationDrivenBinder.Handler | E245: 0 | F245: ['The class has a clear and well-defined responsibility: binding method parameters based on annotations in the context of method delegation.', 'The class is decomposed into several inner classes (Record, DelegationProcessor, Handler, ParameterBinder and its subclasses) that encapsulate related functionality.', 'Each inner class has a distinct responsibility: Record handles binding records, DelegationProcessor manages parameter binding logic, Handler processes individual parameter bindings, and ParameterBinder defines the binding interface.', 'The class follows the Single Responsibility Principle by focusing on annotation-driven method binding without mixing unrelated concerns.', 'Complexity is managed through proper decomposition into smaller, cohesive components rather than having one large, monolithic class.', 'The class size (5612 characters) is reasonable for its functionality and complexity, and the code is well-organized with clear separation of concerns.']
A246: net_bytebuddy_implementation_bytecode_Addition.txt | B246: Insufficient Modularization | C246: class | D246: net.bytebuddy.implementation.bytecode.Addition | E246: 0 | F246: The class Addition is a well-designed enum with a single responsibility: representing stack manipulations for adding two numbers. It has only 4 fields, 1 constructor, and 2 methods (isValid and apply), all directly related to its core purpose. The class is small, cohesive, and does not exhibit excessive size, complexity, or a bloated interface. It properly encapsulates the different types of addition operations (INTEGER, LONG, FLOAT, DOUBLE) and their corresponding opcodes and stack sizes, making it a good example of sufficient modularization.
A247: net_bytebuddy_implementation_bytecode_ByteCodeAppender_Compound.txt | B247: Insufficient Modularization | C247: class | D247: net.bytebuddy.implementation.bytecode.ByteCodeAppender.Compound | E247: 0 | F247: The class ByteCodeAppender.Compound is well-focused, implementing a single responsibility of combining multiple byte code appenders. Its size is reasonable with only essential fields and methods. The complexity is low as it primarily delegates operations to its contained appenders. The interface is minimal and cohesive, exposing only necessary functionality for its purpose.
A248: net_bytebuddy_implementation_bytecode_Throw.txt | B248: Insufficient Modularization | C248: class | D248: net.bytebuddy.implementation.bytecode.Throw | E248: 0 | F248: The class 'Throw' is a minimal enum implementation with only two methods (isValid and apply) and a single constant. It represents a single, well-defined responsibility of throwing exceptions in bytecode manipulation. The class is small, simple, and cohesive, with no excessive size, complexity, or bloated interface that would indicate insufficient modularization.
A249: net_bytebuddy_implementation_bytecode_TypeCreation.txt | B249: Insufficient Modularization | C249: class | D249: net.bytebuddy.implementation.bytecode.TypeCreation | E249: 0 | F249: The class TypeCreation is small and focused, encapsulating only the logic for creating a type instance via bytecode manipulation. It has a single responsibility: representing a stack manipulation for type creation. The class contains only essential methods (constructor, factory method 'of', and 'apply') directly related to its core purpose. There is no evidence of excessive size, complexity, or bloated interface that would indicate insufficient decomposition.
A250: net_bytebuddy_implementation_bytecode_assign_primitive_PrimitiveUnboxingDelegate_UnboxingResponsible.txt | B250: Insufficient Modularization | C250: class | D250: net.bytebuddy.implementation.bytecode.assign.primitive.PrimitiveUnboxingDelegate.UnboxingResponsible | E250: 0 | F250: The class PrimitiveUnboxingDelegate is well-decomposed and adheres to the single responsibility principle. It encapsulates the logic for unboxing primitive types through an enum structure, with clear separation of concerns. The class includes nested enums (ExplicitlyTypedUnboxingResponsible) and a static class (ImplicitlyTypedUnboxingResponsible) that handle specific unboxing responsibilities, promoting modularity. The interface UnboxingResponsible defines a clear contract for unboxing behavior. The class is not excessively large or complex, and its methods are focused on specific tasks related to unboxing primitives. Therefore, it does not exhibit the smell of Insufficient Modularization.
A251: net_bytebuddy_implementation_bytecode_collection_CollectionFactory.txt | B251: Insufficient Modularization | C251: class | D251: net.bytebuddy.implementation.bytecode.collection.CollectionFactory | E251: 0 | F251: The CollectionFactory interface is properly modularized with only two well-defined methods (getComponentType and withValues) that represent a single, cohesive abstraction for creating collections. The interface has a clear and focused responsibility, with no excessive size, complexity, or bloated interface. The implementation is concise and maintains high cohesion while representing a single abstraction for collection creation.
A252: net_bytebuddy_implementation_bytecode_constant_MethodConstant_CanCacheIllegal.txt | B252: Insufficient Modularization | C252: class | D252: net.bytebuddy.implementation.bytecode.constant.MethodConstant.CanCacheIllegal | E252: 0 | F252: The class MethodConstant.CanCacheIllegal is a nested enum with minimal responsibilities. It only implements the CanCache interface and provides implementations for three simple methods: cached(), isValid(), and apply(). The class is small, focused, and cohesive, representing a single abstraction (an illegal/unrepresentable method constant). There is no evidence of excessive size, complexity, or bloated interface that would indicate insufficient modularization.
A253: net_bytebuddy_implementation_bytecode_constant_SerializedConstant.txt | B253: Insufficient Modularization | C253: class | D253: net.bytebuddy.implementation.bytecode.constant.SerializedConstant | E253: 0 | F253: The class SerializedConstant is focused on a single responsibility: handling the serialization and deserialization of constant values for bytecode manipulation. It has a clear and cohesive abstraction with only essential methods (constructor, factory method 'of', and 'apply'). The class is relatively small in size and does not exhibit excessive complexity or a bloated interface. While it handles serialization logic, this is appropriately encapsulated within the class's core purpose and does not warrant decomposition into multiple classes.
A254: net_bytebuddy_implementation_bytecode_member_FieldAccess_FieldGetInstruction.txt | B254: Insufficient Modularization | C254: class | D254: net.bytebuddy.implementation.bytecode.member.FieldAccess.FieldGetInstruction | E254: 0 | F254: The class FieldAccess is an enum with a well-defined purpose of representing field access operations (static and instance). It contains a reasonable number of nested classes (OfGenericField, AccessDispatcher, AbstractFieldInstruction, FieldGetInstruction, FieldPutInstruction) that are all closely related to field access functionality. The class does not exhibit excessive size, complexity, or a bloated interface. Each nested class has a clear responsibility: AccessDispatcher handles dispatching access operations, OfGenericField deals with generic type handling, and the instruction classes manage bytecode generation. The cohesion is high and responsibilities are appropriately separated.
... A284: org_adoptopenjdk_jitwatch_ui_Dialogs_Response.txt | B284: Insufficient Modularization | C284: class | D284: org.adoptopenjdk.jitwatch.ui.Dialogs.Response | E284: 0 | F284: ['The class has a single responsibility focused on displaying different types of dialogs in a UI.', 'While the class contains multiple methods for different dialog types (showYesNoDialog, showYesNoDialogNever, showTextInputDialog, showOKDialog), they all serve the same core purpose of UI dialog presentation.', 'The methods share common structural patterns and helper classes (Dialog, Response enum) that support the main responsibility.', 'The class is well-organized with clear method separation and consistent implementation patterns.', 'Size and complexity are reasonable for its functionality, with no excessive method count or overly complex logic within individual methods.']
A285: org_adoptopenjdk_jitwatch_ui_main_ClassMemberList.txt | B285: insufficient_modularization | C285: class | D285: org.adoptopenjdk.jitwatch.ui.main.ClassMemberList
A286: org_adoptopenjdk_jitwatch_ui_nmethod_NMethodInfo.txt | B286: Insufficient Modularization | C286: class | D286: org.adoptopenjdk.jitwatch.ui.nmethod.NMethodInfo | E286: 0 | F286: ['The class has a single, well-defined responsibility: displaying nmethod compilation information in a UI.', 'The class is of moderate size (approximately 200 lines) and does not contain excessive complexity.', 'The methods are reasonably small and focused, with good separation of concerns for UI construction and data display.', 'There are no signs of a bloated interface or excessive responsibilities that would warrant decomposition.', 'The class follows reasonable design patterns for JavaFX UI components, separating layout construction into logical methods.']
A287: org_adoptopenjdk_jitwatch_ui_report_ReportStageType.txt | B287: Insufficient Modularization | C287: class | D287: org.adoptopenjdk.jitwatch.ui.report.ReportStageType | E287: 0 | F287: The class is a simple enum with only 4 constants (SUGGESTION, ELIMINATED_ALLOCATION, ELIDED_LOCK, INLINING). It represents a straightforward enumeration of report stage types without any complex logic, methods, or excessive responsibilities. The class is appropriately sized and focused on a single abstraction - defining different types of report stages. There is no evidence of bloated interface, excessive complexity, or concentrated responsibilities that would require decomposition.
A288: org_adoptopenjdk_jitwatch_ui_viewer_TextViewerStage.txt | B288: Insufficient Modularization | C288: class | D288: org.adoptopenjdk.jitwatch.ui.viewer.TextViewerStage | E288: 0 | F288: The class TextViewerStage is reasonably small and focused on a single responsibility - creating and displaying a text viewer stage with optional line numbers and formatting. The constructor handles text processing and UI component creation but does not exhibit excessive complexity or bloated interface. The class extends AbstractTextViewerStage suggesting proper inheritance usage and does not contain multiple unrelated responsibilities that would warrant decomposition.
A289: org_adoptopenjdk_jitwatch_util_StringUtil.txt | B289: Insufficient Modularization | C289: class | D289: org.adoptopenjdk.jitwatch.util.StringUtil | E289: 0 | F289: The class StringUtil is a utility class containing only static methods related to string manipulation and formatting. It has a single responsibility of providing various string utility functions. The class is well-cohesive with all methods serving the same general purpose of string processing. The size is reasonable (3167 characters) and complexity is low to moderate with mostly straightforward string operations. There's no evidence of excessive size, complexity, or bloated interface that would indicate insufficient modularization.
A290: org_apache_commons_io_ByteOrderParser.txt | B290: Insufficient Modularization | C290: class | D290: org.apache.commons.io.ByteOrderParser | E290: 0 | F290: The class ByteOrderParser is a small, focused utility class with a single responsibility: parsing strings to ByteOrder instances. It contains only one public method and a private constructor to prevent instantiation, which aligns with the principles of sufficient modularization. The class is not large or complex enough to warrant decomposition into smaller classes, and its interface is minimal and cohesive.
A291: org_apache_commons_io_CloseableURLConnection.txt | B291: Insufficient Modularization | C291: class | D291: org.apache.commons.io.CloseableURLConnection | E291: 0 | F291: The class CloseableURLConnection is a well-defined, cohesive abstraction that wraps a URLConnection to provide AutoCloseable functionality. It has a single responsibility: delegating all URLConnection methods to the wrapped instance and implementing the close() method. The class is small (approximately 150 lines), has a clear purpose, and does not expose a bloated interface. All methods are simple delegations or directly related to the core responsibility of the class. There is no evidence of excessive size, complexity, or inadequate decomposition.
...
