Workbook

Sheet Samples
A1: project | B1: smell | C1: package | D1: prompt_file | E1: context_size | F1: designite | G1: gpt | H1: deepseek | I1: qwen
A2: commons-lang | B2: God Component | C2: org.apache.commons.lang3.concurrent.locks | D2: data/processed/prompts/god_component/commons-lang/org_apache_commons_lang3_concurrent_locks.txt | E2: 56383 | F2: 0 | G2: =VLOOKUP(C2,gpt!$D$2:$E$101,2,0) -> 1 | H2: =VLOOKUP(C2,deepseek!$D$2:$E$101,2,0) -> 1 | I2: =VLOOKUP(C2,qwen!$D$2:$E$101,2,0) -> 0
A3: commons-io | B3: God Component | C3: org.apache.commons.io.channels | D3: data/processed/prompts/god_component/commons-io/org_apache_commons_io_channels.txt | E3: 6061 | F3: 0 | G3: =VLOOKUP(C3,gpt!$D$2:$E$101,2,0) -> 0 | H3: =VLOOKUP(C3,deepseek!$D$2:$E$101,2,0) -> 0 | I3: =VLOOKUP(C3,qwen!$D$2:$E$101,2,0) -> 0
A4: commons-lang | B4: God Component | C4: org.apache.commons.lang3.math | D4: data/processed/prompts/god_component/commons-lang/org_apache_commons_lang3_math.txt | E4: 26660 | F4: 0 | G4: =VLOOKUP(C4,gpt!$D$2:$E$101,2,0) -> 1 | H4: =VLOOKUP(C4,deepseek!$D$2:$E$101,2,0) -> 1 | I4: =VLOOKUP(C4,qwen!$D$2:$E$101,2,0) -> 0
A5: javaparser | B5: God Component | C5: com.github.javaparser.printer.concretesyntaxmodel | D5: data/processed/prompts/god_component/javaparser/com_github_javaparser_printer_concretesyntaxmodel.txt | E5: 10887 | F5: 0 | G5: =VLOOKUP(C5,gpt!$D$2:$E$101,2,0) -> 0 | H5: =VLOOKUP(C5,deepseek!$D$2:$E$101,2,0) -> 0 | I5: =VLOOKUP(C5,qwen!$D$2:$E$101,2,0) -> 0
A6: zxing | B6: God Component | C6: com.google.zxing.maxicode | D6: data/processed/prompts/god_component/zxing/com_google_zxing_maxicode.txt | E6: 1227 | F6: 0 | G6: =VLOOKUP(C6,gpt!$D$2:$E$101,2,0) -> 0 | H6: =VLOOKUP(C6,deepseek!$D$2:$E$101,2,0) -> 0 | I6: =VLOOKUP(C6,qwen!$D$2:$E$101,2,0) -> 0
A7: javaparser | B7: God Component | C7: japa.bdd.samples | D7: data/processed/prompts/god_component/javaparser/japa_bdd_samples.txt | E7: 26884 | F7: 1 | G7: =VLOOKUP(C7,gpt!$D$2:$E$101,2,0) -> 1 | H7: =VLOOKUP(C7,deepseek!$D$2:$E$101,2,0) -> 1 | I7: =VLOOKUP(C7,qwen!$D$2:$E$101,2,0) -> 1
A8: zxing | B8: God Component | C8: com.google.zxing.client.android.camera | D8: data/processed/prompts/god_component/zxing/com_google_zxing_client_android_camera.txt | E8: 11118 | F8: 0 | G8: =VLOOKUP(C8,gpt!$D$2:$E$101,2,0) -> 1 | H8: =VLOOKUP(C8,deepseek!$D$2:$E$101,2,0) -> 0 | I8: =VLOOKUP(C8,qwen!$D$2:$E$101,2,0) -> 0
A9: javaparser | B9: God Component | C9: com.github.javaparser.generator.core.visitor | D9: data/processed/prompts/god_component/javaparser/com_github_javaparser_generator_core_visitor.txt | E9: 9721 | F9: 0 | G9: =VLOOKUP(C9,gpt!$D$2:$E$101,2,0) -> 1 | H9: =VLOOKUP(C9,deepseek!$D$2:$E$101,2,0) -> 0 | I9: =VLOOKUP(C9,qwen!$D$2:$E$101,2,0) -> 0
A10: zxing | B10: God Component | C10: com.google.zxing.qrcode | D10: data/processed/prompts/god_component/zxing/com_google_zxing_qrcode.txt | E10: 3439 | F10: 0 | G10: =VLOOKUP(C10,gpt!$D$2:$E$101,2,0) -> 0 | H10: =VLOOKUP(C10,deepseek!$D$2:$E$101,2,0) -> 0 | I10: =VLOOKUP(C10,qwen!$D$2:$E$101,2,0) -> 0
A11: jitwatch | B11: God Component | C11: org.adoptopenjdk.jitwatch.ui.triview.bytecode | D11: data/processed/prompts/god_component/jitwatch/org_adoptopenjdk_jitwatch_ui_triview_bytecode.txt | E11: 3744 | F11: 0 | G11: =VLOOKUP(C11,gpt!$D$2:$E$101,2,0) -> 1 | H11: =VLOOKUP(C11,deepseek!$D$2:$E$101,2,0) -> 0 | I11: =VLOOKUP(C11,qwen!$D$2:$E$101,2,0) -> 0
A12: javaparser | B12: God Component | C12: japa.parser.comments | D12: data/processed/prompts/god_component/javaparser/japa_parser_comments.txt | E12: 311 | F12: 0 | G12: =VLOOKUP(C12,gpt!$D$2:$E$101,2,0) -> 0 | H12: =VLOOKUP(C12,deepseek!$D$2:$E$101,2,0) -> 0 | I12: =VLOOKUP(C12,qwen!$D$2:$E$101,2,0) -> 0
A13: byte-buddy | B13: God Component | C13: net.bytebuddy.implementation.bytecode.assign | D13: data/processed/prompts/god_component/byte-buddy/net_bytebuddy_implementation_bytecode_assign.txt | E13: 6036 | F13: 0 | G13: =VLOOKUP(C13,gpt!$D$2:$E$101,2,0) -> 0 | H13: =VLOOKUP(C13,deepseek!$D$2:$E$101,2,0) -> 0 | I13: =VLOOKUP(C13,qwen!$D$2:$E$101,2,0) -> 0
... A101: javaparser | B101: God Component | C101: com.github.javaparser.resolution.types | D101: data/processed/prompts/god_component/javaparser/com_github_javaparser_resolution_types.txt | E101: 16704 | F101: 0 | G101: =VLOOKUP(C101,gpt!$D$2:$E$101,2,0) -> 1 | H101: =VLOOKUP(C101,deepseek!$D$2:$E$101,2,0) -> 1 | I101: =VLOOKUP(C101,qwen!$D$2:$E$101,2,0) -> 0

Sheet gpt
A1: file_name | B1: smell | C1: entity_type | D1: entity | E1: detection | F1: justification
A2: (default package).txt | B2: God Component | C2: package | D2: (default package) | E2: 1 | F2: The (default package) contains an excessive number of classes and large class/content blocks making it a god component: many distinct classes are declared in the same package (e.g. MavenWrapperDownloader, Ops, multiple A/B variations, FieldContainer, InnerClassFieldContainer, InnerClassContainer, FieldDotExpressions, PackageDotExpressions, etc.), including repeated/duplicated class definitions and numerous inner-class declarations. MavenWrapperDownloader alone contains substantial logic and responsibilities (properties reading, directory creation, downloading, authentication and low-level IO), and Ops contains very large comment blocks that inflate LOC. The concentration of dozens of classes and large files in a single package indicates excessive size/complexity consistent with the God Component smell.
A3: another.txt | B3: God Component | C3: package | D3: another | E3: 0 | F3: The analyzed package 'another' contains six type declarations (three distinct names: A, String, MyEnum, with multiple duplicate A declarations and one A interface). There is no provided Lines-Of-Code (LOC) or method/field counts and the number of types is small — not indicative of an excessively large component. Given the lack of size metrics and the low class count, there is insufficient evidence to mark this package as a God Component.
A4: box.txt | B4: God Component | C4: package | D4: box | E4: 0 | F4: The package contains only an interface Foo and a single record Box<T> with a simple map method. The codebase is very small (few lines, two types), with no large class or excessive number of classes or responsibilities, so it does not meet the criteria for a God Component.
A5: com_example.txt | B5: God Component | C5: package | D5: com.example | E5: 1 | F5: The package com.example contains a large number of types (top-level classes plus many nested/inner classes) — roughly ~30 classes when counting inner types. Several classes are substantial in size/complexity, notably ClassWithJsonAdapterAnnotation (with multiple inner adapter/factory/serializer/deserializer/DummyClass types and many methods), Main (many test methods exercising multiple features), and GenericClasses (multiple generic nested types and an inner Adapter). There are also numerous test-support classes (NoSerializedNameMain with inner test classes, TestExecutor, etc.). The combination of high class count and multiple large classes with many methods/inner types indicates the package is excessively large and exhibits the God Component smell.
A6: com_github_javaparser_ast_stmt.txt | B6: God Component | C6: package | D6: com.github.javaparser.ast.stmt | E6: 1 | F6: The package contains a very large number of classes (at least 26 distinct statement-related classes: Statement, IfStmt, ForStmt, ForEachStmt, WhileStmt, DoStmt, SwitchStmt, SwitchEntry, TryStmt, CatchClause, ReturnStmt, ThrowStmt, BreakStmt, ContinueStmt, YieldStmt, ExpressionStmt, BlockStmt, LabeledStmt, LocalClassDeclarationStmt, LocalRecordDeclarationStmt, ExplicitConstructorInvocationStmt, UnparsableStmt, EmptyStmt, AssertStmt, SynchronizedStmt, and more). The central base class Statement exposes a large surface of type-checking, casting and visitor-related methods (isX/asX/ifX/toX) for many concrete statement types, concentrating many responsibilities. Although exact LOC is not provided, the high number of classes and the centralization of behavior in Statement indicate the package is excessively large and behaves as a God Component.
A7: com_github_javaparser_ast_type.txt | B7: God Component | C7: package | D7: com.github.javaparser.ast.type | E7: 1 | F7: The package contains a large, tightly related but substantial number of classes and types (e.g., Type, ReferenceType, ClassOrInterfaceType, ArrayType (+Origin and ArrayBracketPair), PrimitiveType (+Primitive), UnionType, IntersectionType, WildcardType, TypeParameter, VarType, VoidType, UnknownType, ConvertibleToUsage, etc.) — at least 16 distinct top-level/inner classes/enums in the provided listing. The package implements a wide set of responsibilities (AST type representations, conversion/resolution, meta-model interactions, parsing helpers and utility logic), resulting in a high concentration of code and responsibilities in a single component. The number of classes and the amount of code shown indicates the package is excessively large and matches the God Component smell.
A8: com_github_javaparser_ast_validator.txt | B8: God Component | C8: package | D8: com.github.javaparser.ast.validator | E8: 0 | F8: The package contains a moderate number of small, cohesive classes (Validator, TypedValidator, VisitorValidator, TreeVisitorValidator, SingleNodeTypeValidator, SimpleValidator, RecordAsTypeIdentifierNotAllowed, ReservedKeywordValidator, ProblemReporter, Validators). Responsibilities are well-separated: interfaces define contracts (Validator/TypedValidator), visitor-based validators implement behavior (VisitorValidator and specific validators), traversal helpers exist (TreeVisitorValidator, SingleNodeTypeValidator, SimpleValidator), and reporting is encapsulated in ProblemReporter. No single class shows excessive size or concentration of unrelated responsibilities in the provided sources; the code is modular and follows single-responsibility patterns. Therefore there is insufficient evidence of a God Component in this package.
A9: com_github_javaparser_generator_core_utils.txt | B9: God Component | C9: package | D9: com.github.javaparser.generator.core.utils | E9: 0 | F9: The package contains a single final utility class (CodeUtils) with a private constructor and one public static method (castValue). The class is small and self-contained (only type-checking/casting logic) and the file does not show an excessive number of classes or large amount of code; therefore there is no evidence of a component being excessively large.
A10: com_github_javaparser_generator_core_visitor.txt | B10: God Component | C10: package | D10: com.github.javaparser.generator.core.visitor | E10: 1 | F10: The package contains a large number of classes (at least 15 generator classes in the provided listing: NoCommentEqualsVisitorGenerator, GenericVisitorWithDefaultsGenerator, ObjectIdentityHashCodeVisitorGenerator, ModifierVisitorGenerator, HashCodeVisitorGenerator, VoidVisitorGenerator, GenericListVisitorAdapterGenerator, VoidVisitorAdapterGenerator, GenericVisitorAdapterGenerator, GenericVisitorGenerator, NoCommentHashCodeVisitorGenerator, CloneVisitorGenerator, VoidVisitorWithDefaultsGenerator, ObjectIdentityEqualsVisitorGenerator, EqualsVisitorGenerator). Several classes are non-trivial (e.g., ModifierVisitorGenerator, CloneVisitorGenerator, EqualsVisitorGenerator, HashCodeVisitorGenerator) with large, complex methods generating many statements and responsibilities. The concentration of many related but distinct generator responsibilities and multiple large classes in a single component indicates excessive size/complexity consistent with the God Component smell.
A11: com_github_javaparser_javadoc_description.txt | B11: God Component | C11: package | D11: com.github.javaparser.javadoc.description | E11: 0 | F11: The package contains a small, cohesive set of types focused on a single responsibility: modeling Javadoc descriptions (JavadocDescriptionElement, JavadocInlineTag, JavadocSnippet, JavadocDescription). There are only four distinct types and none of the classes is excessively large or carries sprawling unrelated responsibilities. JavadocDescription holds modest parsing and composition logic; JavadocInlineTag contains an enum and simple parsing/accessor methods; JavadocSnippet and the interface are minimal. Based on the provided code, neither the number of classes nor the size/complexity of any single class indicates a God Component.
A12: com_github_javaparser_metamodel.txt | B12: God Component | C12: package | D12: com.github.javaparser.metamodel | E12: 1 | F12: The package com.github.javaparser.metamodel contains an excessively large number of classes (many dozens of meta-model classes covering nearly every AST node) and a very large, centralized JavaParserMetaModel class. JavaParserMetaModel holds hundreds of static fields, massive initialization methods (initializeNodeMetaModels, initializePropertyMetaModels, initializeConstructorParameters) and a long list of node meta-model registrations—indicating very high LOC and concentrated responsibility. The combination of a large class that centralizes initialization and a large collection of tightly related classes in a single package matches the God Component smell (excessive size/number of classes and centralized complexity).
A13: com_github_javaparser_printer.txt | B13: God Component | C13: package | D13: com.github.javaparser.printer | E13: 1 | F13: The package com.github.javaparser.printer contains a large number of classes (over a dozen) and several very large classes with extensive responsibilities. Examples: PrettyPrintVisitor and DefaultPrettyPrinterVisitor are extremely long visitors with almost identical, duplicated functionality; ConcreteSyntaxModel has a huge static initialization block building syntax models for many node types; SourcePrinter contains complex state and formatting logic; XmlPrinter/YamlPrinter/DotPrinter/DefaultPrettyPrinter/PrettyPrinter provide multiple output formats and configuration handling in the same package. The combination of (1) many classes grouped together, (2) multiple large classes with thousands of lines of code, and (3) duplicated/overlapping responsibilities (two large pretty-printer visitors, many formatters and configuration concerns) indicates the package is excessively large and taking on too many responsibilities, consistent with the God Component smell.
... A101: org_jsoup_safety.txt | B101: God Component | C101: package | D101: org.jsoup.safety | E101: 1 | F101: The package centralizes a large amount of functionality and code into a small set of classes. Safelist is very large (many methods: add/remove tags/attributes/protocols, enforced attributes, protocol testing, factory presets, deep copy logic) and contains multiple nested typed classes (TagName, AttributeKey, AttributeValue, Protocol, TypedValue). Cleaner also contains substantial responsibilities (document cleaning, validation, node traversal, createSafeElement) plus inner classes (CleaningVisitor, ElementMeta). Overall the package exposes at least 2 heavy top-level classes (Safelist, Cleaner) and 6+ nested/inner types, with many responsibilities and many methods handling disparate concerns (configuration storage, validation, parsing/normalization, traversal, attribute enforcement). This concentration of logic and code size indicates a God Component smell.

Sheet deepseek
A1: file_name | B1: smell | C1: entity_type | D1: entity | E1: detection | F1: justification
A2: (default package).txt | B2: God Component | C2: package | D2: (default package) | E2: 1 | F2: The default package contains 15499 lines of code and 154 classes, which is excessively large in both metrics. This violates the Single Responsibility Principle and indicates a lack of proper modularization.
A3: another.txt | B3: God Component | C3: package | D3: another | E3: 0 | F3: Package 'another' contains only 3 distinct class definitions (A, String, MyEnum) with minimal code shown, far below thresholds for excessive size in lines of code or number of classes.
A4: box.txt | B4: God Component | C4: package | D4: box | E4: 0 | F4: The package contains only one small class (Box) and one interface (Foo) with minimal lines of code. No excessive size in LOC or number of classes is observed.
A5: com_example.txt | B5: God Component | C5: package | D5: com.example | E5: 0 | F5: The package contains 21 distinct classes with moderate sizes (mostly under 100 lines each). No single class exceeds 200 lines, and the total package size is distributed across multiple focused classes rather than concentrated in one excessively large component.
A6: com_github_javaparser_ast_stmt.txt | B6: God Component | C6: package | D6: com.github.javaparser.ast.stmt | E6: 1 | F6: The package contains 20 classes, including Statement with 100+ methods (type casting, conversion, and conditional methods) and SwitchEntry with duplicated code. Multiple classes exceed typical size thresholds, with Statement acting as a central hub for all statement types through extensive method generation.
A7: com_github_javaparser_ast_type.txt | B7: God Component | C7: package | D7: com.github.javaparser.ast.type | E7: 1 | F7: The package contains 13 classes with significant code duplication (ArrayType appears 3 times, PrimitiveType appears 2 times), multiple large classes with extensive functionality (ArrayType: 300+ lines, ClassOrInterfaceType: 200+ lines), and high complexity with numerous methods per class including type resolution, conversion, and visitor pattern implementations.
A8: com_github_javaparser_ast_validator.txt | B8: God Component | C8: package | D8: com.github.javaparser.ast.validator | E8: 0 | F8: The package contains 9 small, focused classes with clear single responsibilities (e.g., Validator interface, TreeVisitorValidator, ProblemReporter, etc.). No single class is excessively large in LOC or number of methods, and the total package size is moderate with well-distributed functionality.
A9: com_github_javaparser_generator_core_utils.txt | B9: God Component | C9: package | D9: com.github.javaparser.generator.core.utils | E9: 0 | F9: The analyzed class CodeUtils is small (approximately 50 lines of code including comments) and contains only one simple static method. It does not exhibit excessive size in lines of code or number of classes.
A10: com_github_javaparser_generator_core_visitor.txt | B10: God Component | C10: package | D10: com.github.javaparser.generator.core.visitor | E10: 0 | F10: The package contains 14 small, focused classes (each under 150 lines) that generate specific visitor implementations. Each class has a single responsibility and reasonable size, with no excessively large classes or excessive number of classes in the package.
A11: com_github_javaparser_javadoc_description.txt | B11: God Component | C11: package | D11: com.github.javaparser.javadoc.description | E11: 0 | F11: The package contains only 4 small classes/interfaces (JavadocDescriptionElement, JavadocInlineTag, JavadocSnippet, JavadocDescription) with low line counts, each focused on a single responsibility related to Javadoc description parsing and representation.
A12: com_github_javaparser_metamodel.txt | B12: God Component | C12: package | D12: com.github.javaparser.metamodel | E12: 1 | F12: The package contains an extremely large number of classes (over 150) with extensive code volume, all focused on meta-modeling for AST nodes. The JavaParserMetaModel class alone is over 2000 lines and centralizes initialization and management of all meta-models, exhibiting excessive responsibility and size.
A13: com_github_javaparser_printer.txt | B13: God Component | C13: package | D13: com.github.javaparser.printer | E13: 1 | F13: The package contains 11 classes with excessive total lines of code. Multiple classes are very large, particularly PrettyPrintVisitor (over 1000 lines), DefaultPrettyPrinterVisitor (over 1000 lines), and ConcreteSyntaxModel (over 1000 lines). These classes handle numerous AST node types and complex formatting logic, making the package excessively large in terms of both number of classes and total lines of code.
... A101: org_jsoup_safety.txt | B101: God Component | C101: package | D101: org.jsoup.safety | E101: 1 | F101: The Safelist class is excessively large with 5 nested classes (TagName, AttributeKey, AttributeValue, Protocol, TypedValue) and contains 28 methods including multiple static factory methods, configuration methods, validation methods, and complex data structures. The Cleaner class also contains 2 nested classes (CleaningVisitor, ElementMeta) and 5 methods, contributing to the package's overall complexity. The package contains only 2 main classes but with significant internal complexity and multiple responsibilities.

Sheet qwen
A1: file_name | B1: smell | C1: entity_type | D1: entity | E1: detection | F1: justification
A2: (default package).txt | B2: God Component | C2: package | D2: (default package) | E2: 0 | F2: The package contains many small classes, none of which are excessively large in terms of lines of code or complexity. The largest class, Ops, is padded with comments but does not contain substantial logic or excessive methods. No single class dominates the codebase in size or responsibility.
A3: another.txt | B3: God Component | C3: package | D3: another | E3: 0 | F3: The package 'another' contains only 5 classes/interfaces which is not excessive, and none of the individual classes appear to be excessively large based on the provided information. The package structure appears to be reasonably organized with a small number of components.
A4: box.txt | B4: God Component | C4: package | D4: box | E4: 0 | F4: The package contains only one interface Foo and one record Box with minimal functionality. The code size is small with only a few lines of code and a single class implementation. There is no evidence of excessive size in terms of lines of code or number of classes that would indicate a God Component.
A5: com_example.txt | B5: God Component | C5: package | D5: com.example | E5: 0 | F5: The package 'com.example' contains multiple small, focused classes and enums, each serving distinct purposes such as JSON serialization/deserialization, testing, and data modeling. None of the individual components are excessively large in terms of lines of code or number of classes. The largest class, 'ClassWithJsonAdapterAnnotation', remains within reasonable size limits and is focused on a single responsibility involving JSON adapter configurations.
A6: com_github_javaparser_ast_stmt.txt | B6: God Component | C6: package | D6: com.github.javaparser.ast.stmt | E6: 0 | F6: The package contains multiple cohesive classes, each representing a specific type of statement in Java. The classes are focused on their individual responsibilities and there is no single excessively large class or component that dominates the package in terms of lines of code or number of classes. The largest class, SwitchEntry, contains detailed documentation and necessary functionality for handling switch cases, but does not exceed reasonable size thresholds for a God Component.
A7: com_github_javaparser_ast_type.txt | B7: God Component | C7: package | D7: com.github.javaparser.ast.type | E7: 0 | F7: The package contains multiple cohesive classes related to type representations in Java, each with distinct responsibilities and reasonable sizes. No single class or component is excessively large in terms of lines of code or number of classes to qualify as a God Component.
A8: com_github_javaparser_ast_validator.txt | B8: God Component | C8: package | D8: com.github.javaparser.ast.validator | E8: 0 | F8: The package contains 10 classes/interfaces which is not excessively large. Each class has a well-defined responsibility related to validation logic within the AST. There is no single class that dominates the codebase in terms of lines of code or complexity. The design follows SOLID principles with clear separation of concerns.
A9: com_github_javaparser_generator_core_utils.txt | B9: God Component | C9: package | D9: com.github.javaparser.generator.core.utils | E9: 0 | F9: The class CodeUtils is small, containing only one method and a private constructor. It does not exhibit excessive size in terms of lines of code or number of classes within the package, thus does not qualify as a God Component.
A10: com_github_javaparser_generator_core_visitor.txt | B10: God Component | C10: package | D10: com.github.javaparser.generator.core.visitor | E10: 0 | F10: The package contains 14 classes, each with a well-defined and specific responsibility related to generating different types of visitors for the JavaParser AST. The classes are cohesive, focused on code generation for visitor patterns, and do not exhibit excessive size in terms of lines of code or number of classes that would indicate a God Component smell.
A11: com_github_javaparser_javadoc_description.txt | B11: God Component | C11: package | D11: com.github.javaparser.javadoc.description | E11: 0 | F11: The package contains only 5 classes, each with a well-defined responsibility related to Javadoc description elements. None of the classes are excessively large in terms of lines of code or complexity, and they collectively represent a cohesive set of functionalities for handling Javadoc descriptions.
A12: com_github_javaparser_metamodel.txt | B12: God Component | C12: package | D12: com.github.javaparser.metamodel | E12: 0 | F12: The package contains many small, generated meta-model classes, each representing a specific AST node. These classes are cohesive and focused, not excessively large in terms of lines of code or number of classes. The structure follows a consistent pattern where each meta-model class corresponds to an AST node, indicating a well-organized design rather than a god component.
A13: com_github_javaparser_printer.txt | B13: God Component | C13: package | D13: com.github.javaparser.printer | E13: 0 | F13: The package 'com.github.javaparser.printer' contains multiple cohesive classes, each responsible for a specific printing/formatting task (e.g., XML, YAML, DOT, Pretty Printing). No single class or component is excessively large in terms of lines of code or number of classes. The responsibilities are well-distributed among specialized components, indicating good design rather than a God Component.
... A101: org_jsoup_safety.txt | B101: God Component | C101: package | D101: org.jsoup.safety | E101: 0 | F101: The classes in the package org.jsoup.safety, such as Safelist, Cleaner, and their inner classes, are focused on a single responsibility: HTML cleaning and sanitization. Each class has a well-defined role, with Safelist managing allowed HTML elements and attributes, and Cleaner handling the actual cleaning process. The size and complexity of each class are reasonable, and there is no excessive concentration of functionality in a single class that would indicate a God Component.
