Workbook

Sheet samples
A1: project | B1: smell | C1: package | D1: prompt_file | E1: context_size | F1: designite | G1: gpt | H1: deepseek | I1: qwen
A2: jitwatch | B2: Unstable Dependency | C2: org.adoptopenjdk.jitwatch.ui.compilechain | D2: data/processed/prompts/unstable_dependency/jitwatch/org_adoptopenjdk_jitwatch_ui_compilechain.txt | F2: 0 | G2: =VLOOKUP(C2,gpt!$E$2:$F$341,2,0) -> 0 | H2: =VLOOKUP(C2,deepseek!$E$2:$F$341,2,0) -> 0 | I2: =VLOOKUP(C2,qwen!$E$2:$F$341,2,0) -> 0
A3: jitwatch | B3: Unstable Dependency | C3: org.adoptopenjdk.jitwatch.jarscan.freqinlinesize | D3: data/processed/prompts/unstable_dependency/jitwatch/org_adoptopenjdk_jitwatch_jarscan_freqinlinesize.txt | F3: 0 | G3: =VLOOKUP(C3,gpt!$E$2:$F$341,2,0) -> 0 | H3: =VLOOKUP(C3,deepseek!$E$2:$F$341,2,0) -> 0 | I3: =VLOOKUP(C3,qwen!$E$2:$F$341,2,0) -> 0
A4: jitwatch | B4: Unstable Dependency | C4: org.adoptopenjdk.jitwatch.model.assembly | D4: data/processed/prompts/unstable_dependency/jitwatch/org_adoptopenjdk_jitwatch_model_assembly.txt | F4: 1 | G4: =VLOOKUP(C4,gpt!$E$2:$F$341,2,0) -> 0 | H4: =VLOOKUP(C4,deepseek!$E$2:$F$341,2,0) -> 0 | I4: =VLOOKUP(C4,qwen!$E$2:$F$341,2,0) -> 0
A5: jitwatch | B5: Unstable Dependency | C5: org.adoptopenjdk.jitwatch.model.assembly.arm | D5: data/processed/prompts/unstable_dependency/jitwatch/org_adoptopenjdk_jitwatch_model_assembly_arm.txt | F5: 0 | G5: =VLOOKUP(C5,gpt!$E$2:$F$341,2,0) -> 1 | H5: =VLOOKUP(C5,deepseek!$E$2:$F$341,2,0) -> 0 | I5: =VLOOKUP(C5,qwen!$E$2:$F$341,2,0) -> 0
A6: javaparser | B6: Unstable Dependency | C6: com.github.javaparser.symbolsolver.cache | D6: data/processed/prompts/unstable_dependency/javaparser/com_github_javaparser_symbolsolver_cache.txt | F6: 0 | G6: =VLOOKUP(C6,gpt!$E$2:$F$341,2,0) -> 0 | H6: =VLOOKUP(C6,deepseek!$E$2:$F$341,2,0) -> 0 | I6: =VLOOKUP(C6,qwen!$E$2:$F$341,2,0) -> 0
A7: jitwatch | B7: Unstable Dependency | C7: org.adoptopenjdk.jitwatch.ui.report.suggestion | D7: data/processed/prompts/unstable_dependency/jitwatch/org_adoptopenjdk_jitwatch_ui_report_suggestion.txt | F7: 0 | G7: =VLOOKUP(C7,gpt!$E$2:$F$341,2,0) -> 0 | H7: =VLOOKUP(C7,deepseek!$E$2:$F$341,2,0) -> 0 | I7: =VLOOKUP(C7,qwen!$E$2:$F$341,2,0) -> 0
A8: jitwatch | B8: Unstable Dependency | C8: org.adoptopenjdk.jitwatch.logger | D8: data/processed/prompts/unstable_dependency/jitwatch/org_adoptopenjdk_jitwatch_logger.txt | F8: 0 | G8: =VLOOKUP(C8,gpt!$E$2:$F$341,2,0) -> 0 | H8: =VLOOKUP(C8,deepseek!$E$2:$F$341,2,0) -> 0 | I8: =VLOOKUP(C8,qwen!$E$2:$F$341,2,0) -> 0
A9: javaparser | B9: Unstable Dependency | C9: javaparser | D9: data/processed/prompts/unstable_dependency/javaparser/javaparser.txt | F9: 0 | G9: =VLOOKUP(C9,gpt!$E$2:$F$341,2,0) -> 0 | H9: =VLOOKUP(C9,deepseek!$E$2:$F$341,2,0) -> 0 | I9: =VLOOKUP(C9,qwen!$E$2:$F$341,2,0) -> 0
A10: javaparser | B10: Unstable Dependency | C10: foo | D10: data/processed/prompts/unstable_dependency/javaparser/foo.txt | F10: 0 | G10: =VLOOKUP(C10,gpt!$E$2:$F$341,2,0) -> 0 | H10: =VLOOKUP(C10,deepseek!$E$2:$F$341,2,0) -> 0 | I10: =VLOOKUP(C10,qwen!$E$2:$F$341,2,0) -> 0
A11: jitwatch | B11: Unstable Dependency | C11: org.adoptopenjdk.jitwatch.process.compiler | D11: data/processed/prompts/unstable_dependency/jitwatch/org_adoptopenjdk_jitwatch_process_compiler.txt | F11: 0 | G11: =VLOOKUP(C11,gpt!$E$2:$F$341,2,0) -> 0 | H11: =VLOOKUP(C11,deepseek!$E$2:$F$341,2,0) -> 0 | I11: =VLOOKUP(C11,qwen!$E$2:$F$341,2,0) -> 0
A12: jitwatch | B12: Unstable Dependency | C12: org.adoptopenjdk.jitwatch.inline | D12: data/processed/prompts/unstable_dependency/jitwatch/org_adoptopenjdk_jitwatch_inline.txt | F12: 0 | G12: =VLOOKUP(C12,gpt!$E$2:$F$341,2,0) -> 0 | H12: =VLOOKUP(C12,deepseek!$E$2:$F$341,2,0) -> 1 | I12: =VLOOKUP(C12,qwen!$E$2:$F$341,2,0) -> 0
A13: javaparser | B13: Unstable Dependency | C13: implements.duplicate | D13: data/processed/prompts/unstable_dependency/javaparser/implements_duplicate.txt | F13: 0 | G13: =VLOOKUP(C13,gpt!$E$2:$F$341,2,0) -> 0 | H13: =VLOOKUP(C13,deepseek!$E$2:$F$341,2,0) -> 0 | I13: =VLOOKUP(C13,qwen!$E$2:$F$341,2,0) -> 0
... A101: zxing | B101: Unstable Dependency | C101: com.google.zxing.client.android.camera.open | D101: data/processed/prompts/unstable_dependency/zxing/com_google_zxing_client_android_camera_open.txt | F101: 0 | G101: =VLOOKUP(C101,gpt!$E$2:$F$341,2,0) -> 0 | H101: =VLOOKUP(C101,deepseek!$E$2:$F$341,2,0) -> 0 | I101: =VLOOKUP(C101,qwen!$E$2:$F$341,2,0) -> 0

Sheet gpt
A1: project | B1: file_name | C1: smell | D1: entity_type | E1: entity | F1: detection | G1: justification
A2: byte-buddy | B2: (default package).txt | D2: package | E2: (default package) | F2: 0 | G2: The package '(default package)' has Ce=0 and Ca=0 and both outgoing_dependencies and incoming_dependencies are empty. Because there are no outgoing dependencies to other (less-stable) packages, the Stable Dependencies Principle is not violated and the Unstable Dependency smell is not present.
A3: byte-buddy | B3: com.service.definition.txt | D3: package | E3: com.service.definition | F3: 0 | G3: Package com.service.definition has no outgoing dependencies (Ce = 0) and no incoming dependencies (Ca = 0). With no outgoing dependencies there is nothing it depends on, so it cannot depend on less-stable packages; therefore the Stable Dependencies Principle is not violated.
A4: byte-buddy | B4: com.service.usage.txt | D4: package | E4: com.service.usage | F4: 0 | G4: Ce=0 and Ca=0 with no outgoing_dependencies and no incoming_dependencies. The package does not depend on any other packages (outgoing empty), so it cannot depend on less stable components and the Stable Dependencies Principle is not violated.
A5: byte-buddy | B5: com.service.usage2.txt | D5: package | E5: com.service.usage2 | F5: 0 | G5: com.service.usage2 has Ce=0 and Ca=0, with no outgoing dependencies and no incoming dependencies. Because it does not depend on any other packages, it cannot depend on less stable components, so the Unstable Dependency smell is not present.
A6: byte-buddy | B6: net.bytebuddy.agent.builder.txt | D6: package | E6: net.bytebuddy.agent.builder | F6: 0 | G6: Analyzed package metrics: Ce=23, Ca=1 -> instability I = Ce/(Ca+Ce) = 23/24 = 0.958. The Unstable Dependency smell would occur if this package depended on packages with higher instability (i.e. less stable) than 0.958. All outgoing dependencies have lower instability than 0.958 (examples: net.bytebuddy.dynamic I=0.522, net.bytebuddy.dynamic.scaffold I=0.615, net.bytebuddy.implementation.bytecode.assign I=0.294, net.bytebuddy.dynamic.loading I=0.441, net.bytebuddy.description.method I=0.306, net.bytebuddy.asm I=0.677, net.bytebuddy.dynamic.scaffold.inline I=0.741, net.bytebuddy I=0.490). The single incoming dependency (net.bytebuddy, I=0.490) is also more stable. Because every outgoing dependency is more stable (has lower I) than net.bytebuddy.agent.builder, the Stable Dependencies Principle is not violated and no Unstable Dependency smell is detected.
A7: byte-buddy | B7: net.bytebuddy.agent.txt | D7: package | E7: net.bytebuddy.agent | F7: 1 | G7: net.bytebuddy.agent has Ce=1 and Ca=4 (instability I = 1/(1+4) = 0.20) and its outgoing dependency is net.bytebuddy.dynamic which has Ce=24 and Ca=22 (instability I = 24/(24+22) ≈ 0.52). Because net.bytebuddy.agent (more stable, lower I) depends on net.bytebuddy.dynamic (less stable, higher I), this violates the Stable Dependencies Principle and constitutes an Unstable Dependency smell.
A8: byte-buddy | B8: net.bytebuddy.android.txt | D8: package | E8: net.bytebuddy.android | F8: 0 | G8: net.bytebuddy.android has Ce=7 and Ca=0 (stability I=0.00). All outgoing dependencies are more stable (have Ca>0 and higher stability): net.bytebuddy.utility (Ca=25, Ce=16, I≈0.61), net.bytebuddy.matcher (Ca=23, Ce=9, I≈0.72), net.bytebuddy.dynamic (Ca=22, Ce=24, I≈0.48), net.bytebuddy.dynamic.loading (Ca=19, Ce=15, I≈0.56), net.bytebuddy (Ca=26, Ce=25, I≈0.51), net.bytebuddy.description.type (Ca=32, Ce=16, I≈0.67), net.bytebuddy.implementation (Ca=25, Ce=23, I≈0.52). Incoming dependencies list is empty. Because the package depends on packages that are more stable than itself (not on less stable components), the Unstable Dependency smell is not detected.
A9: byte-buddy | B9: net.bytebuddy.asm.txt | D9: package | E9: net.bytebuddy.asm | F9: 1 | G9: net.bytebuddy.asm has Ce=23 and Ca=11 (instability I = Ce/(Ca+Ce) = 23/34 = 0.6765). It has an outgoing dependency on net.bytebuddy.dynamic.scaffold.subclass which has Ce=20 and Ca=9 (I = 20/29 = 0.6897). Because net.bytebuddy.asm depends on a package with higher instability (0.6897 > 0.6765), it depends on a less stable component, violating the Stable Dependencies Principle. This outgoing dependency on net.bytebuddy.dynamic.scaffold.subclass therefore constitutes an Unstable Dependency smell.
A10: byte-buddy | B10: net.bytebuddy.benchmark.jmh_generated.txt | D10: package | E10: net.bytebuddy.benchmark.jmh_generated | F10: 0 | G10: No unstable dependency detected because the package has no outgoing dependencies (Ce = 0) and no incoming dependencies (Ca = 0). Both outgoing_dependencies and incoming_dependencies are empty, so it does not depend on any less-stable packages nor do other packages depend on it.
A11: byte-buddy | B11: net.bytebuddy.benchmark.runner.txt | D11: package | E11: net.bytebuddy.benchmark.runner | F11: 0 | G11: Ce = 0 and Ca = 0 (no outgoing dependencies and no incoming dependencies). outgoing_dependencies = [] and incoming_dependencies = []. The package does not depend on any other package, so there are no dependency directions that could violate the Stable Dependencies Principle. (num_classes=1, loc=23)
A12: byte-buddy | B12: net.bytebuddy.benchmark.specimen.txt | D12: package | E12: net.bytebuddy.benchmark.specimen | F12: 0 | G12: The package has Ce=0 (no outgoing dependencies) and Ca=1 (one incoming dependency). Its instability I = Ce/(Ca+Ce) = 0/(1+0) = 0 (maximally stable). It does not depend on any other packages, so it cannot depend on less stable components. The single incoming dependency is from net.bytebuddy.benchmark (Ce=7, Ca=0, I = 7/(7+0) = 1, i.e. unstable), so the dependency direction is from an unstable package to this stable package, which does not violate the Stable Dependencies Principle.
A13: byte-buddy | B13: net.bytebuddy.benchmark.txt | D13: package | E13: net.bytebuddy.benchmark | F13: 0 | G13: Analyzed package net.bytebuddy.benchmark has Ce=7 and Ca=0 -> instability I = Ce/(Ca+Ce) = 7/(0+7) = 1.0 (max unstable). Outgoing dependencies and their instabilities: net.bytebuddy.pool (Ce=15, Ca=11, I=15/26≈0.577), net.bytebuddy.benchmark.specimen (Ce=0, Ca=1, I=0.0), net.bytebuddy.matcher (Ce=9, Ca=23, I=9/32≈0.281), net.bytebuddy.dynamic.scaffold (Ce=24, Ca=15, I=24/39≈0.615), net.bytebuddy.dynamic.loading (Ce=15, Ca=19, I=15/34≈0.441), net.bytebuddy.description.type (Ce=16, Ca=32, I=16/48≈0.333), net.bytebuddy.implementation (Ce=23, Ca=25, I=23/48≈0.479). All outgoing dependencies have instability values lower than the analyzed package (i.e., they are more stable than net.bytebuddy.benchmark). Incoming dependencies = 0. Therefore the package does not depend on less stable components and the Unstable Dependency smell is not detected.
... A341: zxing | B341: com.google.zxing.web.txt | D341: package | E341: com.google.zxing.web | F341: 0 | G341: com.google.zxing.web has Ce=5, Ca=0 (Instability I=1.00). Its outgoing dependencies are: com.google.zxing.qrcode.decoder (Ce=3, Ca=4, I=0.4286), com.google.zxing.client.j2se (Ce=4, Ca=1, I=0.8000), com.google.zxing.multi (Ce=2, Ca=4, I=0.3333), com.google.zxing (Ce=2, Ca=36, I=0.0526), com.google.zxing.common (Ce=1, Ca=29, I=0.0333). All dependences have lower instability (are more stable) than com.google.zxing.web, and there are no incoming dependencies (Ca=0), so the Stable Dependencies Principle is not violated. Unstable Dependency smell not detected.

Sheet deepseek
A1: project | B1: file_name | C1: smell | D1: entity_type | E1: entity | F1: detection | G1: justification
A2: byte-buddy | B2: (default package).txt | D2: package | E2: (default package) | F2: 0 | G2: The package has no outgoing dependencies (Ce=0) and no incoming dependencies (Ca=0), resulting in a stability index that is undefined (0/(0+0)). Since there are no dependencies, the principle cannot be violated.
A3: byte-buddy | B3: com.service.definition.txt | D3: package | E3: com.service.definition | F3: 0 | G3: The package has no outgoing dependencies (Ce=0) and thus does not depend on any other package, so it cannot violate the Stable Dependencies Principle.
A4: byte-buddy | B4: com.service.usage.txt | D4: package | E4: com.service.usage | F4: 0 | G4: The package has no outgoing dependencies (Ce=0) and does not depend on any other packages, so there are no less stable components it depends on. Additionally, the package has no incoming dependencies (Ca=0), indicating it is currently independent, and the Stability metric (S=0) is not meaningful for comparison as there are no dependencies to evaluate against the Stable Dependencies Principle.
A5: byte-buddy | B5: com.service.usage2.txt | D5: package | E5: com.service.usage2 | F5: 0 | G5: The package has zero outgoing dependencies (Ce=0) and zero incoming dependencies (Ca=0). Since it depends on no other packages, there are no dependencies that could be less stable than itself.
A6: byte-buddy | B6: net.bytebuddy.agent.builder.txt | D6: package | E6: net.bytebuddy.agent.builder | F6: 1 | G6: The package has stability (Ce/(Ca+Ce)) of 0.96 (23/24). It depends on packages with lower stability: net.bytebuddy.description.modifier (stability 0.06), net.bytebuddy.agent (0.20), net.bytebuddy.implementation.bytecode (0.15), net.bytebuddy.implementation.bytecode.assign (0.29), net.bytebuddy.utility.dispatcher (0.43), net.bytebuddy.dynamic.loading (0.44), net.bytebuddy.utility (0.39), net.bytebuddy.description.annotation (0.39), net.bytebuddy.description.field (0.24), net.bytebuddy.description.method (0.31), net.bytebuddy.matcher (0.28), net.bytebuddy.implementation.bytecode.member (0.52), net.bytebuddy.build (0.35), net.bytebuddy.description.type (0.33), net.bytebuddy.implementation.auxiliary (0.65), net.bytebuddy.implementation (0.48), net.bytebuddy (0.49), net.bytebuddy.asm (0.68), net.bytebuddy.dynamic (0.52), net.bytebuddy.pool (0.58), net.bytebuddy.dynamic.scaffold (0.62), net.bytebuddy.dynamic.scaffold.subclass (0.69), net.bytebuddy.dynamic.scaffold.inline (0.74).
A7: byte-buddy | B7: net.bytebuddy.agent.txt | D7: package | E7: net.bytebuddy.agent | F7: 1 | G7: The package has instability I = 0.2 (Ce=1, Ca=4). It depends on net.bytebuddy.dynamic which has instability I ≈ 0.5217 (Ce=24, Ca=22). The dependency has higher instability, violating the Stable Dependencies Principle.
A8: byte-buddy | B8: net.bytebuddy.android.txt | D8: package | E8: net.bytebuddy.android | F8: 0 | G8: The analyzed package has a stability (I) of 1.0 (Ce=7, Ca=0). Its outgoing dependencies have stabilities: net.bytebuddy.description.type (I=0.33), net.bytebuddy (I=0.49), net.bytebuddy.dynamic.loading (I=0.44), net.bytebuddy.matcher (I=0.28), net.bytebuddy.implementation (I=0.48), net.bytebuddy.dynamic (I=0.52), net.bytebuddy.utility (I=0.39). All outgoing dependencies are more stable (lower I) than the analyzed package, following the Stable Dependencies Principle.
A9: byte-buddy | B9: net.bytebuddy.asm.txt | D9: package | E9: net.bytebuddy.asm | F9: 1 | G9: The package depends on net.bytebuddy.implementation.bytecode.assign which has lower stability (I=0.2941 vs own I=0.6765) and net.bytebuddy.description which has lower stability (I=0.2500 vs own I=0.6765). Additionally, it depends on net.bytebuddy.description.modifier (I=0.0588), net.bytebuddy.description.field (I=0.2400), net.bytebuddy.implementation.bytecode (I=0.1538), and others with stability lower than its own.
A10: byte-buddy | B10: net.bytebuddy.benchmark.jmh_generated.txt | D10: package | E10: net.bytebuddy.benchmark.jmh_generated | F10: 0 | G10: Package has no outgoing dependencies (Ce=0, empty outgoing_dependencies list), therefore cannot violate the Stable Dependencies Principle by depending on less stable packages.
A11: byte-buddy | B11: net.bytebuddy.benchmark.runner.txt | D11: package | E11: net.bytebuddy.benchmark.runner | F11: 0 | G11: The package has no outgoing dependencies (Ce=0, empty outgoing_dependencies list) and no incoming dependencies (Ca=0, empty incoming_dependencies list). Since it does not depend on any other packages, it cannot violate the Stable Dependencies Principle by depending on less stable components.
A12: byte-buddy | B12: net.bytebuddy.benchmark.specimen.txt | D12: package | E12: net.bytebuddy.benchmark.specimen | F12: 0 | G12: The package has no outgoing dependencies (Ce=0) and has incoming dependencies from a less stable package (net.bytebuddy.benchmark has stability S=0.0). Since there are no outgoing dependencies, it does not violate the Stable Dependencies Principle.
A13: byte-buddy | B13: net.bytebuddy.benchmark.txt | D13: package | E13: net.bytebuddy.benchmark | F13: 0 | G13: The analyzed package has Ca=0 (no incoming dependencies) and Ce=7 (7 outgoing dependencies), resulting in a stability index of 0 (unstable). All outgoing dependencies have higher stability indices (Ca>0 and Ce>0, stability >0) or equal stability (Ca=0, Ce=0, stability=1), meaning they are more stable or equally stable. No dependency has a lower stability index than the analyzed package.
... A341: zxing | B341: com.google.zxing.web.txt | D341: package | E341: com.google.zxing.web | F341: 0 | G341: The analyzed package has stability I=1.0 (Ce=5, Ca=0). All outgoing dependencies have lower (more stable) I values: com.google.zxing.common (I=0.0333), com.google.zxing.qrcode.decoder (I=0.4286), com.google.zxing.client.j2se (I=0.8), com.google.zxing (I=0.0526), com.google.zxing.multi (I=0.3333). Since all dependencies are more stable (I_dep < I_analyzed), there is no violation.

Sheet qwen
A1: project | B1: file_name | C1: smell | D1: entity_type | E1: entity | F1: detection | G1: justification
A2: byte-buddy | B2: (default package).txt | D2: package | E2: (default package) | F2: 0 | G2: Package has no outgoing dependencies (Ce=0) and no incoming dependencies (Ca=0), therefore there are no unstable dependencies. The package is completely isolated with no coupling to other packages, so it cannot violate the Stable Dependencies Principle.
A3: byte-buddy | B3: com.service.definition.txt | D3: package | E3: com.service.definition | F3: 0 | G3: The package has no outgoing dependencies (Ce=0) and no incoming dependencies (Ca=0), making it an isolated package with no dependency relationships to evaluate for stability violations.
A4: byte-buddy | B4: com.service.usage.txt | D4: package | E4: com.service.usage | F4: 0 | G4: Package has no outgoing dependencies (Ce=0) and no incoming dependencies (Ca=0), therefore there are no unstable dependency relationships. The package is completely isolated with no coupling to other packages, so it cannot violate the Stable Dependencies Principle.
A5: byte-buddy | B5: com.service.usage2.txt | D5: package | E5: com.service.usage2 | F5: 0 | G5: Package has no outgoing dependencies (Ce=0) and no incoming dependencies (Ca=0), therefore there are no unstable dependencies. The package is completely isolated with no coupling to other packages, making it inherently stable.
A6: byte-buddy | B6: net.bytebuddy.agent.builder.txt | D6: package | E6: net.bytebuddy.agent.builder | F6: 1 | G6: The package 'net.bytebuddy.agent.builder' has a stability metric (Ce/(Ce+Ca)) of 23/(23+1) = 0.958, indicating it is highly unstable. It depends on packages such as 'net.bytebuddy.dynamic.scaffold.inline' (stability = 20/(20+7) = 0.741), 'net.bytebuddy.asm' (stability = 23/(23+11) = 0.676), and 'net.bytebuddy.implementation' (stability = 23/(23+25) = 0.479), which are less stable or equally unstable. This violates the Stable Dependencies Principle, which states that a package should only depend on packages that are more stable than itself.
A7: byte-buddy | B7: net.bytebuddy.agent.txt | D7: package | E7: net.bytebuddy.agent | F7: 1 | G7: The package 'net.bytebuddy.agent' depends on 'net.bytebuddy.dynamic', which is less stable. The stability of 'net.bytebuddy.agent' is 0.86 (Ce=1, Ca=4, Stability = Ce/(Ce+Ca)), while the stability of 'net.bytebuddy.dynamic' is 0.52 (Ce=24, Ca=22, Stability = Ce/(Ce+Ca)). According to the Stable Dependencies Principle, a package should only depend on packages that are more stable than itself. Since 'net.bytebuddy.agent' (stability 0.86) depends on 'net.bytebuddy.dynamic' (stability 0.52), which is less stable, this constitutes an Unstable Dependency smell.
A8: byte-buddy | B8: net.bytebuddy.android.txt | D8: package | E8: net.bytebuddy.android | F8: 1 | G8: The package 'net.bytebuddy.android' has a stability metric (Ce/(Ce+Ca)) of 1.0, as it has 7 efferent couplings (Ce) and 0 afferent couplings (Ca). All of its outgoing dependencies are to packages that are less stable than itself, violating the Stable Dependencies Principle. For example, 'net.bytebuddy.implementation' has stability 0.48 (23/(23+25)), 'net.bytebuddy.dynamic.loading' has stability 0.44 (15/(15+19)), and similarly other dependencies have lower stability. Therefore, 'net.bytebuddy.android' depends on less stable packages, constituting an Unstable Dependency smell.
A9: byte-buddy | B9: net.bytebuddy.asm.txt | D9: package | E9: net.bytebuddy.asm | F9: 0 | G9: The package 'net.bytebuddy.asm' has a stability metric (Ce=23, Ca=11) indicating it is relatively stable. Its outgoing dependencies are to packages that are generally more stable or have comparable stability, and there are no clear violations of the Stable Dependencies Principle where it depends on less stable packages. Therefore, no Unstable Dependency smell is detected.
A10: byte-buddy | B10: net.bytebuddy.benchmark.jmh_generated.txt | D10: package | E10: net.bytebuddy.benchmark.jmh_generated | F10: 0 | G10: The package has no outgoing dependencies (Ce = 0) and no incoming dependencies (Ca = 0), therefore there are no unstable dependencies to evaluate. Since there are no dependencies at all, the Stable Dependencies Principle is trivially satisfied.
A11: byte-buddy | B11: net.bytebuddy.benchmark.runner.txt | D11: package | E11: net.bytebuddy.benchmark.runner | F11: 0 | G11: The package has no outgoing dependencies (Ce=0) and no incoming dependencies (Ca=0), making it an isolated package with no dependency relationships to evaluate for stability violations.
A12: byte-buddy | B12: net.bytebuddy.benchmark.specimen.txt | D12: package | E12: net.bytebuddy.benchmark.specimen | F12: 0 | G12: The package has no outgoing dependencies (Ce=0), making it impossible to violate the Stable Dependencies Principle. While it has one incoming dependency from 'net.bytebuddy.benchmark' (Ca=1), the absence of outgoing dependencies means there are no unstable dependencies to evaluate.
A13: byte-buddy | B13: net.bytebuddy.benchmark.txt | D13: package | E13: net.bytebuddy.benchmark | F13: 1 | G13: The package 'net.bytebuddy.benchmark' depends on multiple packages including 'net.bytebuddy.implementation', 'net.bytebuddy.dynamic.loading', 'net.bytebuddy.matcher', 'net.bytebuddy.pool', 'net.bytebuddy.description.type', 'net.bytebuddy.dynamic.scaffold', and 'net.bytebuddy.benchmark.specimen'. Among these, several dependencies such as 'net.bytebuddy.implementation' (Ce=23, Ca=25), 'net.bytebuddy.pool' (Ce=15, Ca=11), and 'net.bytebuddy.dynamic.scaffold' (Ce=24, Ca=15) have higher efferent coupling (Ce) and lower afferent coupling (Ca) compared to the analyzed package (Ce=7, Ca=0), indicating they are less stable. According to the Stable Dependencies Principle, a package should depend only on more stable packages; hence, this constitutes an Unstable Dependency smell.
... A63: commons-io | B63: org.apache.commons.io.input.buffer.txt | D63: package | E63: org.apache.commons.io.input.buffer | F63: 0 | G63: The package org.apache.commons.io.input.buffer has stability of 1.0 (Ce/(Ce+Ca) = 1/(1+0) = 1.0) since it has no incoming dependencies (Ca=0) and 1 outgoing dependency (Ce=1). It depends on org.apache.commons.io which has stability of 0.35 (Ce/(Ce+Ca) = 6/(6+11) = 0.35). Since the dependent package (org.apache.commons.io) is less stable than the analyzed package (org.apache.commons.io.input.buffer), this follows the Stable Dependencies Principle - more stable packages depend on less stable ones. Therefore, there is no Unstable Dependency smell.
A64: commons-io | B64: org.apache.commons.io.input.txt | C64: unstable_dependency | D64: package | E64: org.apache.commons.io.input | G64: ```json
A65: commons-io | B65: org.apache.commons.io.monitor.txt | D65: package | E65: org.apache.commons.io.monitor | F65: 0 | G65: The package 'org.apache.commons.io.monitor' has a stability value (I) of 1.0, indicating it is completely unstable. According to the Stable Dependencies Principle, unstable packages can depend on other packages regardless of their stability. Therefore, even though it depends on packages like 'org.apache.commons.io' (I = 0.35) and 'org.apache.commons.io.file' (I = 0.42), which are more stable, this does not constitute an unstable dependency smell because the principle allows unstable packages to depend on more stable ones.
A66: commons-io | B66: org.apache.commons.io.output.txt | D66: package | E66: org.apache.commons.io.output | F66: 1 | G66: The package 'org.apache.commons.io.output' depends on packages that are less stable than itself. Specifically, it depends on 'org.apache.commons.io.input' (instability = 0.7), which has higher instability than 'org.apache.commons.io.output' (instability = 0.6). This violates the Stable Dependencies Principle, which states that a package should only depend on packages that are more stable (i.e., have lower instability) than itself.
A67: commons-io | B67: org.apache.commons.io.serialization.txt | D67: package | E67: org.apache.commons.io.serialization | F67: 0 | G67: The package org.apache.commons.io.serialization has stability of 0.167 (Ce/(Ca+Ce) = 1/(0+1)) and depends on org.apache.commons.io which has stability of 0.353 (Ce/(Ca+Ce) = 6/(11+6)). Since the dependent package (0.353) is more stable than the analyzed package (0.167), this follows the Stable Dependencies Principle and does not constitute an Unstable Dependency smell.
A68: commons-io | B68: org.apache.commons.io.txt | D68: package | E68: org.apache.commons.io | F68: 0 | G68: The package 'org.apache.commons.io' has outgoing dependencies to packages 'org.apache.commons.io.file', 'org.apache.commons.io.function', 'org.apache.commons.io.input', 'org.apache.commons.io.filefilter', 'org.apache.commons.io.file.attribute', and 'org.apache.commons.io.output'. To determine if this is an unstable dependency, we must check if any of these dependencies are less stable (i.e., have a higher instability value) than 'org.apache.commons.io'. However, since all outgoing dependencies are internal to the same library and part of a cohesive module structure, and without explicit instability metrics (I = Ce / (Ca + Ce)) provided for each package, we cannot definitively conclude that any dependency is less stable. Therefore, based on available data and typical modular design principles within the same library, no unstable dependency smell is detected.
A69: commons-lang | B69: org.apache.commons.lang3.arch.txt | D69: package | E69: org.apache.commons.lang3.arch | F69: 0 | G69: The package org.apache.commons.lang3.arch has no outgoing dependencies (Ce=0), so it cannot have unstable dependencies. While it is depended upon by org.apache.commons.lang3 which is much larger and more complex (73 classes, 26295 loc, Ce=10, Ca=13), this does not create an unstable dependency smell for arch since arch itself doesn't depend on anything. The stability metric I for arch is 1.0 (completely stable) since Ce=0, making it a stable component that others can safely depend on.
A70: commons-lang | B70: org.apache.commons.lang3.builder.txt | D70: package | E70: org.apache.commons.lang3.builder | F70: 0 | G70: The package org.apache.commons.lang3.builder has outgoing dependencies on org.apache.commons.lang3.reflect, org.apache.commons.lang3.tuple, and org.apache.commons.lang3. To determine if this is an unstable dependency, we need to compare the stability (I = Ce/(Ca+Ce)) of the analyzed package with its dependencies. The analyzed package has Ce=3 and Ca=1, giving it an instability of 3/(1+3) = 0.75. The dependencies have the following instabilities: org.apache.commons.lang3.reflect has Ce=5 and Ca=1 (instability = 5/6 ≈ 0.83), org.apache.commons.lang3.tuple has Ce=1 and Ca=1 (instability = 1/2 = 0.5), and org.apache.commons.lang3 has Ce=10 and Ca=13 (instability = 10/23 ≈ 0.43). Since the analyzed package (0.75) depends on packages that are both more stable (0.43, 0.5) and less stable (0.83), but the principle states dependencies should be on more stable packages, this would normally indicate an unstable dependency smell. However, the package org.apache.commons.lang3 is both a dependency and has a dependency back to the analyzed package (circular dependency visible in incoming dependencies), which complicates the analysis. Given that most of its dependencies are on more stable packages and considering the circular dependency context, the smell is not detected.
A71: commons-lang | B71: org.apache.commons.lang3.compare.txt | D71: package | E71: org.apache.commons.lang3.compare | F71: 0 | G71: The package org.apache.commons.lang3.compare has no outgoing dependencies (Ce=0), which means it does not depend on any other packages. Since there are no dependencies to evaluate for stability, the Unstable Dependency smell cannot be detected. The package is stable (Ca=1, Ce=0) and does not violate the Stable Dependencies Principle.
A72: commons-lang | B72: org.apache.commons.lang3.concurrent.locks.txt | D72: package | E72: org.apache.commons.lang3.concurrent.locks | F72: 0 | G72: The package org.apache.commons.lang3.concurrent.locks has outgoing dependencies to org.apache.commons.lang3.function and org.apache.commons.lang3. To determine if this is an unstable dependency, we need to calculate stability values. Stability is calculated as Ce/(Ca+Ce) where Ce is efferent couplings (outgoing dependencies) and Ca is afferent couplings (incoming dependencies). For org.apache.commons.lang3.concurrent.locks: Ce=2, Ca=0, so stability=2/(0+2)=1.0 (completely unstable). For org.apache.commons.lang3.function: Ce=2, Ca=7, stability=2/(7+2)=0.22. For org.apache.commons.lang3: Ce=10, Ca=13, stability=10/(13+10)=0.43. Since the analyzed package (stability=1.0) depends on packages that are more stable (0.22 and 0.43), it follows the Stable Dependencies Principle and does not exhibit the Unstable Dependency smell.
A73: commons-lang | B73: org.apache.commons.lang3.concurrent.txt | D73: package | E73: org.apache.commons.lang3.concurrent | F73: 0 | G73: The package 'org.apache.commons.lang3.concurrent' has outgoing dependencies on 'org.apache.commons.lang3', 'org.apache.commons.lang3.exception', and 'org.apache.commons.lang3.function'. To evaluate stability, we compare the instability (I = Ce / (Ca + Ce)) of the analyzed package with its dependencies. The analyzed package has Ce=3 and Ca=0, so its instability is I=1.0 (maximally unstable). The dependencies have the following instabilities: 'org.apache.commons.lang3' (Ce=10, Ca=13) => I=0.43, 'org.apache.commons.lang3.exception' (Ce=1, Ca=5) => I=0.17, and 'org.apache.commons.lang3.function' (Ce=2, Ca=7) => I=0.22. Since the analyzed package (I=1.0) depends only on packages that are more stable (lower instability values), it does not exhibit the Unstable Dependency smell.
A74: commons-lang | B74: org.apache.commons.lang3.event.txt | D74: package | E74: org.apache.commons.lang3.event | F74: 0 | G74: The package 'org.apache.commons.lang3.event' has outgoing dependencies to 'org.apache.commons.lang3.exception' and 'org.apache.commons.lang3.function'. To evaluate stability, we calculate I = Ca / (Ca + Ce) for each package. For 'org.apache.commons.lang3.event': I = 0 / (0 + 2) = 0 (maximally stable). For 'org.apache.commons.lang3.exception': I = 5 / (5 + 1) = 0.83. For 'org.apache.commons.lang3.function': I = 7 / (7 + 2) = 0.78. Since the analyzed package is maximally stable (I = 0) and depends on packages that are less stable (I > 0), this does not violate the Stable Dependencies Principle. Stable packages can depend on less stable packages without creating an unstable dependency smell.
A75: commons-lang | B75: org.apache.commons.lang3.exception.txt | D75: package | E75: org.apache.commons.lang3.exception | F75: 0 | G75: The package org.apache.commons.lang3.exception has a stability (I) of 0.17 (Ce=1, Ca=5, I=Ce/(Ce+Ca)), making it unstable. It depends on org.apache.commons.lang3 which has a stability (I) of 0.43 (Ce=10, Ca=13, I=Ce/(Ce+Ca)), making it more stable. Since the dependency is directed from a less stable package to a more stable one, it follows the Stable Dependencies Principle and does not exhibit the Unstable Dependency smell.
A76: commons-lang | B76: org.apache.commons.lang3.function.txt | D76: package | E76: org.apache.commons.lang3.function | F76: 0 | G76: The package 'org.apache.commons.lang3.function' has outgoing dependencies on 'org.apache.commons.lang3.exception' and 'org.apache.commons.lang3'. Both of these packages have higher stability (lower instability) values compared to the analyzed package, thus adhering to the Stable Dependencies Principle. Additionally, several other packages depend on this package, indicating it is part of a stable dependency chain.
... A341: zxing | B341: com.google.zxing.web.txt | D341: package | E341: com.google.zxing.web | F341: 0 | G341: The package 'com.google.zxing.web' has outgoing dependencies on packages that are more stable (higher Ca, lower Ce). 'com.google.zxing.common' has Ca=29 and Ce=1, 'com.google.zxing' has Ca=36 and Ce=2, indicating high stability. The other dependencies also point to relatively more stable packages based on their Ca/Ce ratios. Therefore, it follows the Stable Dependencies Principle.
