Workbook

Sheet samples
A1: project | B1: smell | C1: package | D1: prompt_file | E1: context_size | F1: designite | G1: codex
A2: jitwatch | B2: Unstable Dependency | C2: org.adoptopenjdk.jitwatch.ui.compilechain | D2: data/processed/prompts/unstable_dependency/jitwatch/org_adoptopenjdk_jitwatch_ui_compilechain.txt | E2: 1596 | F2: 0 | G2: =VLOOKUP(C2,Planilha1!$A$1:$B$100,2,0) -> 0 | I2: TP | J2: =COUNTIFS(F2:F101,1,G2:G101,1) -> 2
A3: jitwatch | B3: Unstable Dependency | C3: org.adoptopenjdk.jitwatch.jarscan.freqinlinesize | D3: data/processed/prompts/unstable_dependency/jitwatch/org_adoptopenjdk_jitwatch_jarscan_freqinlinesize.txt | E3: 855 | F3: 0 | G3: =VLOOKUP(C3,Planilha1!$A$1:$B$100,2,0) -> 0 | I3: TN | J3: =COUNTIFS(F2:F101,0,G2:G101,0) -> 87
A4: jitwatch | B4: Unstable Dependency | C4: org.adoptopenjdk.jitwatch.model.assembly | D4: data/processed/prompts/unstable_dependency/jitwatch/org_adoptopenjdk_jitwatch_model_assembly.txt | E4: 1472 | F4: 1 | G4: =VLOOKUP(C4,Planilha1!$A$1:$B$100,2,0) -> 1 | I4: FP | J4: =COUNTIFS(F2:F101,0,G2:G101,1) -> 3
A5: jitwatch | B5: Unstable Dependency | C5: org.adoptopenjdk.jitwatch.model.assembly.arm | D5: data/processed/prompts/unstable_dependency/jitwatch/org_adoptopenjdk_jitwatch_model_assembly_arm.txt | E5: 662 | F5: 0 | G5: =VLOOKUP(C5,Planilha1!$A$1:$B$100,2,0) -> 0 | I5: FN | J5: =COUNTIFS(F2:F101,1,G2:G101,0) -> 8
A6: javaparser | B6: Unstable Dependency | C6: com.github.javaparser.symbolsolver.cache | D6: data/processed/prompts/unstable_dependency/javaparser/com_github_javaparser_symbolsolver_cache.txt | E6: 551 | F6: 0 | G6: =VLOOKUP(C6,Planilha1!$A$1:$B$100,2,0) -> 0
A7: jitwatch | B7: Unstable Dependency | C7: org.adoptopenjdk.jitwatch.ui.report.suggestion | D7: data/processed/prompts/unstable_dependency/jitwatch/org_adoptopenjdk_jitwatch_ui_report_suggestion.txt | E7: 549 | F7: 0 | G7: =VLOOKUP(C7,Planilha1!$A$1:$B$100,2,0) -> 0 | I7: Pr | J7: =IFERROR(J2/(J2+J4),0) -> 0.4
A8: jitwatch | B8: Unstable Dependency | C8: org.adoptopenjdk.jitwatch.logger | D8: data/processed/prompts/unstable_dependency/jitwatch/org_adoptopenjdk_jitwatch_logger.txt | E8: 1164 | F8: 0 | G8: =VLOOKUP(C8,Planilha1!$A$1:$B$100,2,0) -> 0 | I8: Rc | J8: =IFERROR(J2/(J2+J5),0) -> 0.2
A9: javaparser | B9: Unstable Dependency | C9: javaparser | D9: data/processed/prompts/unstable_dependency/javaparser/javaparser.txt | E9: 300 | F9: 0 | G9: =VLOOKUP(C9,Planilha1!$A$1:$B$100,2,0) -> 0 | I9: F1 | J9: =IFERROR(2*J7*J8/(J7+J8),0) -> 0.26666667
A10: javaparser | B10: Unstable Dependency | C10: foo | D10: data/processed/prompts/unstable_dependency/javaparser/foo.txt | E10: 298 | F10: 0 | G10: =VLOOKUP(C10,Planilha1!$A$1:$B$100,2,0) -> 0 | I10: MCC | J10: =IFERROR(((J2*J3)-(J4*J5))/SQRT((J2+J4)*(J2+J5)*(J3+J4)*(J3+J5)),0) -> 0.22941573
A11: jitwatch | B11: Unstable Dependency | C11: org.adoptopenjdk.jitwatch.process.compiler | D11: data/processed/prompts/unstable_dependency/jitwatch/org_adoptopenjdk_jitwatch_process_compiler.txt | E11: 702 | F11: 0 | G11: =VLOOKUP(C11,Planilha1!$A$1:$B$100,2,0) -> 0
A12: jitwatch | B12: Unstable Dependency | C12: org.adoptopenjdk.jitwatch.inline | D12: data/processed/prompts/unstable_dependency/jitwatch/org_adoptopenjdk_jitwatch_inline.txt | E12: 652 | F12: 0 | G12: =VLOOKUP(C12,Planilha1!$A$1:$B$100,2,0) -> 0
A13: javaparser | B13: Unstable Dependency | C13: implements.duplicate | D13: data/processed/prompts/unstable_dependency/javaparser/implements_duplicate.txt | E13: 299 | F13: 0 | G13: =VLOOKUP(C13,Planilha1!$A$1:$B$100,2,0) -> 0
A14: zxing | B14: Unstable Dependency | C14: com.google.zxing.web.generator.client | D14: data/processed/prompts/unstable_dependency/zxing/com_google_zxing_web_generator_client.txt | E14: 305 | F14: 0 | G14: =VLOOKUP(C14,Planilha1!$A$1:$B$100,2,0) -> 0
A15: zxing | B15: Unstable Dependency | C15: com.google.zxing.client.android.result.supplement | D15: data/processed/prompts/unstable_dependency/zxing/com_google_zxing_client_android_result_supplement.txt | E15: 652 | F15: 0 | G15: =VLOOKUP(C15,Planilha1!$A$1:$B$100,2,0) -> 0
A16: gson | B16: Unstable Dependency | C16: com.google.gson.extras.examples.rawcollections | D16: data/processed/prompts/unstable_dependency/gson/com_google_gson_extras_examples_rawcollections.txt | E16: 381 | F16: 0 | G16: =VLOOKUP(C16,Planilha1!$A$1:$B$100,2,0) -> 0
A17: jitwatch | B17: Unstable Dependency | C17: org.adoptopenjdk.jitwatch.ui.nmethod.compilerthread | D17: data/processed/prompts/unstable_dependency/jitwatch/org_adoptopenjdk_jitwatch_ui_nmethod_compilerthread.txt | E17: 1361 | F17: 0 | G17: =VLOOKUP(C17,Planilha1!$A$1:$B$100,2,0) -> 0
A18: jitwatch | B18: Unstable Dependency | C18: org.adoptopenjdk.jitwatch.ui.compilationchooser | D18: data/processed/prompts/unstable_dependency/jitwatch/org_adoptopenjdk_jitwatch_ui_compilationchooser.txt | E18: 1162 | F18: 1 | G18: =VLOOKUP(C18,Planilha1!$A$1:$B$100,2,0) -> 0
A19: zxing | B19: Unstable Dependency | C19: com.google.zxing.maxicode | D19: data/processed/prompts/unstable_dependency/zxing/com_google_zxing_maxicode.txt | E19: 498 | F19: 0 | G19: =VLOOKUP(C19,Planilha1!$A$1:$B$100,2,0) -> 1
A20: jitwatch | B20: Unstable Dependency | C20: org.adoptopenjdk.jitwatch.report.escapeanalysis | D20: data/processed/prompts/unstable_dependency/jitwatch/org_adoptopenjdk_jitwatch_report_escapeanalysis.txt | E20: 599 | F20: 0 | G20: =VLOOKUP(C20,Planilha1!$A$1:$B$100,2,0) -> 0
A21: javaparser | B21: Unstable Dependency | C21: com.github.javaparser.ast.nodeTypes.modifiers | D21: data/processed/prompts/unstable_dependency/javaparser/com_github_javaparser_ast_nodeTypes_modifiers.txt | E21: 307 | F21: 0 | G21: =VLOOKUP(C21,Planilha1!$A$1:$B$100,2,0) -> 0
A22: jitwatch | B22: Unstable Dependency | C22: org.adoptopenjdk.jitwatch.jarscan.sequencecount | D22: data/processed/prompts/unstable_dependency/jitwatch/org_adoptopenjdk_jitwatch_jarscan_sequencecount.txt | E22: 697 | F22: 0 | G22: =VLOOKUP(C22,Planilha1!$A$1:$B$100,2,0) -> 0
... A101: zxing | B101: Unstable Dependency | C101: com.google.zxing.client.android.camera.open | D101: data/processed/prompts/unstable_dependency/zxing/com_google_zxing_client_android_camera_open.txt | E101: 366 | F101: 0 | G101: =VLOOKUP(C101,Planilha1!$A$1:$B$100,2,0) -> 0

Sheet Planilha1
A1: org.adoptopenjdk.jitwatch.ui.compilechain | B1: 0 | C1: Inspected ui/src/main/java/org/adoptopenjdk/jitwatch/ui/compilechain/CompileChainStage.java and ui/src/main/java/org/adoptopenjdk/jitwatch/ui/main/JITWatchUI.java. The target package contains only one class and has a single observed inbound reference, JITWatchUI.openCompileChain(). CompileChainStage depends on shared UI/core packages (CompileChainWalker, CompileNode, CompilationChooser, IStageAccessProxy, IRedrawable, RateLimitedResizeListener, UserInterfaceUtil, JavaFX), and several of those are reused across the repo (e.g., UserInterfaceUtil in 35 files, RateLimitedResizeListener in 4, CompilationChooser in 3), so the package is a low-incoming leaf rather than a package depending on less stable packages.
A2: org.adoptopenjdk.jitwatch.jarscan.freqinlinesize | B2: 0 | C2: Inspected `core/src/main/java/org/adoptopenjdk/jitwatch/jarscan/freqinlinesize/FreqInlineSizeOperation.java` and `core/src/main/java/org/adoptopenjdk/jitwatch/jarscan/JarScan.java`. The target package contains a single class, is referenced directly only from `JarScan` (`new FreqInlineSizeOperation(...)`), and that class depends outward on `IJarScanOperation`, `MemberSignatureParts`, `MemberBytecode`, `BytecodeInstruction`, `StringUtil`, and `JITWatchConstants`. This gives the package 1 observed incoming reference versus several outgoing package dependencies, so it does not look like a stable package depending on less-stable ones. The imported model/util types are also widely reused elsewhere in the repo (`MemberSignatureParts` in 17 files, `MemberBytecode` in 19, `BytecodeInstruction` in 16, `StringUtil` in 31), which further weakens any unstable-dependency case.
A3: org.adoptopenjdk.jitwatch.model.assembly | B3: 1 | C3: Inspected core/src/main/java/org/adoptopenjdk/jitwatch/model/assembly/{AbstractAssemblyParser.java,AssemblyUtil.java,AssemblyReference.java,AssemblyProcessor.java,AssemblyMethod.java,AssemblyBlock.java,AssemblyInstruction.java,AssemblyLabels.java,Architecture.java,IAssemblyParser.java} and the direct subpackage classes in model/assembly/arm and model/assembly/x86. The package has broad fan-in from parser/model/UI code (e.g. HotSpotLogParser.java, Compilation.java, AbstractMetaMember.java, IMetaMember.java, TriView.java, ViewerAssembly.java, AssemblyLabel.java, OSUtil.java, DisassemblyUtil.java), but it also directly depends on the more implementation-specific arm/x86 subpackages via AssemblyUtil.java and AbstractAssemblyParser.java, and on MnemonicEntry via AssemblyReference.java. Those subpackages have much smaller external fan-in and depend back on this package, so the target package is depending on less stable packages.
A4: org.adoptopenjdk.jitwatch.model.assembly.arm | B4: 0 | C4: Inspected core/src/main/java/org/adoptopenjdk/jitwatch/model/assembly/arm/ARMShifter.java, ARMRegisterType.java, ARMDirective.java, ARMExtend.java, MnemonicEntry.java, and AssemblyParserARM.java. The package has 6 classes
A5: com.github.javaparser.symbolsolver.cache | B5: 0 | C5: Inspected `javaparser-symbol-solver-core/src/main/java/com/github/javaparser/symbolsolver/cache/{DefaultCacheStats,GuavaCache,NoCache,InMemoryCache}.java`, `javaparser-symbol-solver-core/src/main/java/com/github/javaparser/symbolsolver/resolution/typesolvers/{CombinedTypeSolver,JavaParserTypeSolver}.java`, and `javaparser-symbol-solver-testing/src/test/java/com/github/javaparser/symbolsolver/resolution/typesolvers/CombinedTypeSolverTest.java`. The target package is a small adapter layer: it has only 2 production internal clients (`CombinedTypeSolver`, `JavaParserTypeSolver`) plus 1 test client, and its classes depend mainly on `com.github.javaparser.resolution.cache` (Cache/CacheStats) plus Guava in `GuavaCache`. The same `resolution.cache` API is already used by the higher-level solvers, so there is no concrete evidence that `com.github.javaparser.symbolsolver.cache` depends on a less stable package than itself.
A6: org.adoptopenjdk.jitwatch.ui.report.suggestion | B6: 0 | C6: Inspected ui/src/main/java/org/adoptopenjdk/jitwatch/ui/report/suggestion/SuggestionRowBean.java and SuggestionRowBuilder.java: the package contains only these two leaf UI helpers. ui/src/main/java/org/adoptopenjdk/jitwatch/ui/report/ReportStage.java is the only direct internal caller. SuggestionRowBuilder depends on shared types (`org.adoptopenjdk.jitwatch.report.Report`, `ui.report.IReportRowBean`, four shared cell classes, JavaFX), and `Report` is imported in 14 UI source files, so the package is not shown depending on less-stable, narrowly used code
A7: org.adoptopenjdk.jitwatch.logger | B7: 0 | C7: Inspected core/src/main/java/org/adoptopenjdk/jitwatch/logger/ILogListener.java, NullLogListener.java, and StdLogListener.java. The package is self-contained: the only internal dependency is ILogListener, and StdLogListener only uses java.lang.System
A8: javaparser | B8: 0 | C8: Inspected the only two exact `package javaparser
A9: foo | B9: 0 | C9: Inspected the exact `package foo
A10: org.adoptopenjdk.jitwatch.process.compiler | B10: 0 | C10: Inspected core/src/main/java/org/adoptopenjdk/jitwatch/process/compiler/ICompiler.java and CompilerJava.java, CompilerGroovy.java, CompilerKotlin.java, CompilerScala.java, CompilerJRuby.java, CompilerJavaScript.java. These classes only depend on org.adoptopenjdk.jitwatch.process.AbstractProcess/IExternalProcess, org.adoptopenjdk.jitwatch.logger.ILogListener, and core JITWatchConstants
A11: org.adoptopenjdk.jitwatch.inline | B11: 0 | C11: Inspected `core/src/main/java/org/adoptopenjdk/jitwatch/inline/HeadlessInlineVisitor.java` and `core/src/main/java/org/adoptopenjdk/jitwatch/launch/LaunchHeadless.java`. The target package contains only one class and has just one incoming reference (`LaunchHeadless`), while `HeadlessInlineVisitor` depends on central packages `model`, `core`, `util`, `compilation`, and `treevisitor`. Repo-wide reference counts from `rg -l` show those dependency packages are much more widely used (`model` 124 files, `core` 93, `util` 39, `compilation` 14, `treevisitor` 8) than `inline` itself, so `org.adoptopenjdk.jitwatch.inline` is not a stable package depending on less stable ones.
A12: implements.duplicate | B12: 0 | C12: No Java file in the repo declares `package implements.duplicate
... A100: com.google.zxing.client.android.camera.open | B100: 0 | C100: Inspected android/src/com/google/zxing/client/android/camera/open/CameraFacing.java, OpenCamera.java, and OpenCameraInterface.java. The package contains only 3 classes, and it is used by just two classes in the sibling com.google.zxing.client.android.camera package (CameraManager and CameraConfigurationManager via imports). Its outgoing dependencies are limited to Android framework APIs (android.hardware.Camera, android.util.Log) and same-package types, so there is no evidence that a stable package depends heavily on a less-stable internal package.
