Workbook

Sheet samples
A1: project | B1: smell | C1: package | D1: class | E1: fqn | F1: prompt_file | G1: context_size | H1: designite | I1: codex
A2: javaparser | B2: Insufficient Modularization | C2: com.github.javaparser.symbolsolver.javaparsermodel.contexts | D2: AnonymousClassDeclarationContext | E2: =C2&"."&D2 -> com.github.javaparser.symbolsolver.javaparsermodel.contexts.AnonymousClassDeclarationContext | F2: data/processed/prompts/insufficient_modularization/javaparser/com_github_javaparser_symbolsolver_javaparsermodel_contexts_AnonymousClassDeclarationContext.txt | G2: 495 | H2: 0 | I2: =VLOOKUP(E2,codex!A$1:B$359,2,0) -> 0 | K2: TP | L2: =COUNTIFS(H2:H361,1,I2:I361,1) -> 19
A3: byte-buddy | B3: Insufficient Modularization | C3: net.bytebuddy.dynamic.DynamicType | D3: Initial | E3: =C3&"."&D3 -> net.bytebuddy.dynamic.DynamicType.Initial | F3: data/processed/prompts/insufficient_modularization/byte-buddy/net_bytebuddy_dynamic_DynamicType_Initial.txt | G3: 348 | H3: 0 | I3: =VLOOKUP(E3,codex!A$1:B$359,2,0) -> 0 | K3: TN | L3: =COUNTIFS(H2:H361,0,I2:I361,0) -> 302
A4: javaparser | B4: Insufficient Modularization | C4: com.packageName | D4: ClassInPackage | E4: =C4&"."&D4 -> com.packageName.ClassInPackage | F4: data/processed/prompts/insufficient_modularization/javaparser/com_packageName_ClassInPackage.txt | G4: 338 | H4: 0 | I4: =VLOOKUP(E4,codex!A$1:B$359,2,0) -> 0 | K4: FP | L4: =COUNTIFS(H2:H361,0,I2:I361,1) -> 22
A5: byte-buddy | B5: Insufficient Modularization | C5: net.bytebuddy.description.type.TypeList | D5: Empty | E5: =C5&"."&D5 -> net.bytebuddy.description.type.TypeList.Empty | F5: data/processed/prompts/insufficient_modularization/byte-buddy/net_bytebuddy_description_type_TypeList_Empty.txt | G5: 368 | H5: 0 | I5: =VLOOKUP(E5,codex!A$1:B$359,2,0) -> 0 | K5: FN | L5: =COUNTIFS(H2:H361,1,I2:I361,0) -> 17
A6: byte-buddy | B6: Insufficient Modularization | C6: net.bytebuddy.description.type.RecordComponentDescription | D6: InDefinedShape | E6: =C6&"."&D6 -> net.bytebuddy.description.type.RecordComponentDescription.InDefinedShape | F6: data/processed/prompts/insufficient_modularization/byte-buddy/net_bytebuddy_description_type_RecordComponentDescription_InDefinedShape.txt | G6: 355 | H6: 0 | I6: =VLOOKUP(E6,codex!A$1:B$359,2,0) -> 0
A7: commons-io | B7: Insufficient Modularization | C7: org.apache.commons.io | D7: CloseableURLConnection | E7: =C7&"."&D7 -> org.apache.commons.io.CloseableURLConnection | F7: data/processed/prompts/insufficient_modularization/commons-io/org_apache_commons_io_CloseableURLConnection.txt | G7: 327 | H7: 1 | I7: =VLOOKUP(E7,codex!A$1:B$359,2,0) -> 0 | K7: Pr | L7: =IFERROR(L2/(L2+L4),0) -> 0.46341463
A8: byte-buddy | B8: Insufficient Modularization | C8: net.bytebuddy.implementation.bind.MethodDelegationBinder | D8: Compound | E8: =C8&"."&D8 -> net.bytebuddy.implementation.bind.MethodDelegationBinder.Compound | F8: data/processed/prompts/insufficient_modularization/byte-buddy/net_bytebuddy_implementation_bind_MethodDelegationBinder_Compound.txt | G8: 350 | H8: 0 | I8: =VLOOKUP(E8,codex!A$1:B$359,2,0) -> 0 | K8: Rc | L8: =IFERROR(L2/(L2+L5),0) -> 0.52777778
A9: zxing | B9: Insufficient Modularization | C9: com.google.zxing | D9: ResultPointCallback | E9: =C9&"."&D9 -> com.google.zxing.ResultPointCallback | F9: data/processed/prompts/insufficient_modularization/zxing/com_google_zxing_ResultPointCallback.txt | G9: 330 | H9: 0 | I9: =VLOOKUP(E9,codex!A$1:B$359,2,0) -> 0 | K9: F1 | L9: =IFERROR(2*L7*L8/(L7+L8),0) -> 0.49350649
A10: byte-buddy | B10: Insufficient Modularization | C10: net.bytebuddy.dynamic.scaffold.inline | D10: MethodRebaseResolver | E10: =C10&"."&D10 -> net.bytebuddy.dynamic.scaffold.inline.MethodRebaseResolver | F10: data/processed/prompts/insufficient_modularization/byte-buddy/net_bytebuddy_dynamic_scaffold_inline_MethodRebaseResolver.txt | G10: 478 | H10: 0 | I10: =VLOOKUP(E10,codex!A$1:B$359,2,0) -> 1 | K10: MCC | L10: =IFERROR(((L2*L3)-(L4*L5))/SQRT((L2+L4)*(L2+L5)*(L3+L4)*(L3+L5)),0) -> 0.43428791
A11: byte-buddy | B11: Insufficient Modularization | C11: net.bytebuddy.implementation.bytecode.assign.primitive.PrimitiveUnboxingDelegate | D11: UnboxingResponsible | E11: =C11&"."&D11 -> net.bytebuddy.implementation.bytecode.assign.primitive.PrimitiveUnboxingDelegate.UnboxingResponsible | F11: data/processed/prompts/insufficient_modularization/byte-buddy/net_bytebuddy_implementation_bytecode_assign_primitive_PrimitiveUnboxingDelegate_UnboxingResponsible.txt | G11: 370 | H11: 0 | I11: =VLOOKUP(E11,codex!A$1:B$359,2,0) -> 0
A12: jitwatch | B12: Insufficient Modularization | C12: (default package) | D12: ElisionTest | E12: =C12&"."&D12 -> (default package).ElisionTest | F12: data/processed/prompts/insufficient_modularization/jitwatch/(default package)_ElisionTest.txt | G12: 320 | H12: 0 | I12: =VLOOKUP(E12,codex!A$1:B$359,2,0) -> 0
A13: byte-buddy | B13: Insufficient Modularization | C13: net.bytebuddy | D13: NamingStrategy | E13: =C13&"."&D13 -> net.bytebuddy.NamingStrategy | F13: data/processed/prompts/insufficient_modularization/byte-buddy/net_bytebuddy_NamingStrategy.txt | G13: 387 | H13: 0 | I13: =VLOOKUP(E13,codex!A$1:B$359,2,0) -> 1
A14: byte-buddy | B14: Insufficient Modularization | C14: net.bytebuddy.implementation.MethodCall | D14: ForConstructingInvocation | E14: =C14&"."&D14 -> net.bytebuddy.implementation.MethodCall.ForConstructingInvocation | F14: data/processed/prompts/insufficient_modularization/byte-buddy/net_bytebuddy_implementation_MethodCall_ForConstructingInvocation.txt | G14: 399 | H14: 0 | I14: =VLOOKUP(E14,codex!A$1:B$359,2,0) -> 0
A15: commons-io | B15: Insufficient Modularization | C15: org.apache.commons.io.input | D15: UnsynchronizedReader | E15: =C15&"."&D15 -> org.apache.commons.io.input.UnsynchronizedReader | F15: data/processed/prompts/insufficient_modularization/commons-io/org_apache_commons_io_input_UnsynchronizedReader.txt | G15: 342 | H15: 0 | I15: =VLOOKUP(E15,codex!A$1:B$359,2,0) -> 0
A16: byte-buddy | B16: Insufficient Modularization | C16: net.bytebuddy.dynamic.scaffold | D16: TypeInitializer | E16: =C16&"."&D16 -> net.bytebuddy.dynamic.scaffold.TypeInitializer | F16: data/processed/prompts/insufficient_modularization/byte-buddy/net_bytebuddy_dynamic_scaffold_TypeInitializer.txt | G16: 404 | H16: 0 | I16: =VLOOKUP(E16,codex!A$1:B$359,2,0) -> 0
A17: commons-io | B17: Insufficient Modularization | C17: org.apache.commons.io.input.ObservableInputStream | D17: Builder | E17: =C17&"."&D17 -> org.apache.commons.io.input.ObservableInputStream.Builder | F17: data/processed/prompts/insufficient_modularization/commons-io/org_apache_commons_io_input_ObservableInputStream_Builder.txt | G17: 329 | H17: 0 | I17: =VLOOKUP(E17,codex!A$1:B$359,2,0) -> 0
A18: javaparser | B18: Insufficient Modularization | C18: demo.Main | D18: Callback | E18: =C18&"."&D18 -> demo.Main.Callback | F18: data/processed/prompts/insufficient_modularization/javaparser/demo_Main_Callback.txt | G18: 350 | H18: 0 | I18: =VLOOKUP(E18,codex!A$1:B$359,2,0) -> 0
A19: zxing | B19: Insufficient Modularization | C19: com.google.zxing.oned | D19: CodaBarReader | E19: =C19&"."&D19 -> com.google.zxing.oned.CodaBarReader | F19: data/processed/prompts/insufficient_modularization/zxing/com_google_zxing_oned_CodaBarReader.txt | G19: 379 | H19: 0 | I19: =VLOOKUP(E19,codex!A$1:B$359,2,0) -> 0
A20: commons-io | B20: Insufficient Modularization | C20: org.apache.commons.io.output | D20: FileWriterWithEncoding | E20: =C20&"."&D20 -> org.apache.commons.io.output.FileWriterWithEncoding | F20: data/processed/prompts/insufficient_modularization/commons-io/org_apache_commons_io_output_FileWriterWithEncoding.txt | G20: 355 | H20: 0 | I20: =VLOOKUP(E20,codex!A$1:B$359,2,0) -> 0
A21: byte-buddy | B21: Insufficient Modularization | C21: net.bytebuddy.implementation.ToStringMethod | D21: ForFixedValue | E21: =C21&"."&D21 -> net.bytebuddy.implementation.ToStringMethod.ForFixedValue | F21: data/processed/prompts/insufficient_modularization/byte-buddy/net_bytebuddy_implementation_ToStringMethod_ForFixedValue.txt | G21: 346 | H21: 0 | I21: =VLOOKUP(E21,codex!A$1:B$359,2,0) -> 0
A22: byte-buddy | B22: Insufficient Modularization | C22: net.bytebuddy.dynamic.NexusAccessor | D22: Available | E22: =C22&"."&D22 -> net.bytebuddy.dynamic.NexusAccessor.Available | F22: data/processed/prompts/insufficient_modularization/byte-buddy/net_bytebuddy_dynamic_NexusAccessor_Available.txt | G22: 343 | H22: 0 | I22: =VLOOKUP(E22,codex!A$1:B$359,2,0) -> 0
... A252: byte-buddy | B252: Insufficient Modularization | C252: net.bytebuddy.dynamic.ClassFileLocator | D252: Illegal | E252: =C252&"."&D252 -> net.bytebuddy.dynamic.ClassFileLocator.Illegal | F252: data/processed/prompts/insufficient_modularization/byte-buddy/net_bytebuddy_dynamic_ClassFileLocator_Illegal.txt | G252: 342 | H252: 0 | I252: =VLOOKUP(E252,codex!A$1:B$359,2,0) -> 0
A253: javaparser | B253: Insufficient Modularization | C253: com.github.javaparser.ast.validator.language.level.validations.chunks | D253: NoBinaryIntegerLiteralsValidator | E253: =C253&"."&D253 -> com.github.javaparser.ast.validator.language.level.validations.chunks.NoBinaryIntegerLiteralsValidator | F253: data/processed/prompts/insufficient_modularization/javaparser/com_github_javaparser_ast_validator_language_level_validations_chunks_NoBinaryIntegerLiteralsValidator.txt | G253: 406 | H253: 0 | I253: 0
A254: byte-buddy | B254: Insufficient Modularization | C254: net.bytebuddy.pool.TypePool | D254: ForAnnotationProperty | E254: =C254&"."&D254 -> net.bytebuddy.pool.TypePool.ForAnnotationProperty | F254: data/processed/prompts/insufficient_modularization/byte-buddy/net_bytebuddy_pool_TypePool_ForAnnotationProperty.txt | G254: 351 | H254: 0 | I254: =VLOOKUP(E254,codex!A$1:B$359,2,0) -> 0
A255: byte-buddy | B255: Insufficient Modularization | C255: net.bytebuddy.implementation.FieldAccessor | D255: Prepared | E255: =C255&"."&D255 -> net.bytebuddy.implementation.FieldAccessor.Prepared | F255: data/processed/prompts/insufficient_modularization/byte-buddy/net_bytebuddy_implementation_FieldAccessor_Prepared.txt | G255: 352 | H255: 0 | I255: =VLOOKUP(E255,codex!A$1:B$359,2,0) -> 0
A256: byte-buddy | B256: Insufficient Modularization | C256: net.bytebuddy.dynamic.scaffold.TypeWriter | D256: MethodPool | E256: =C256&"."&D256 -> net.bytebuddy.dynamic.scaffold.TypeWriter.MethodPool | F256: data/processed/prompts/insufficient_modularization/byte-buddy/net_bytebuddy_dynamic_scaffold_TypeWriter_MethodPool.txt | G256: 483 | H256: 0 | I256: =VLOOKUP(E256,codex!A$1:B$359,2,0) -> 1
A257: gson | B257: Insufficient Modularization | C257: com.google.gson | D257: FormattingStyle | E257: =C257&"."&D257 -> com.google.gson.FormattingStyle | F257: data/processed/prompts/insufficient_modularization/gson/com_google_gson_FormattingStyle.txt | G257: 322 | H257: 0 | I257: =VLOOKUP(E257,codex!A$1:B$359,2,0) -> 0
A258: commons-io | B258: Insufficient Modularization | C258: org.apache.commons.io.output.AbstractByteArrayOutputStream | D258: InputStreamConstructor | E258: =C258&"."&D258 -> org.apache.commons.io.output.AbstractByteArrayOutputStream.InputStreamConstructor | F258: data/processed/prompts/insufficient_modularization/commons-io/org_apache_commons_io_output_AbstractByteArrayOutputStream_InputStreamConstructor.txt | G258: 335 | H258: 0 | I258: =VLOOKUP(E258,codex!A$1:B$359,2,0) -> 0
A259: byte-buddy | B259: Insufficient Modularization | C259: net.bytebuddy.description.modifier.ModifierContributor | D259: ForType | E259: =C259&"."&D259 -> net.bytebuddy.description.modifier.ModifierContributor.ForType | F259: data/processed/prompts/insufficient_modularization/byte-buddy/net_bytebuddy_description_modifier_ModifierContributor_ForType.txt | G259: 337 | H259: 0 | I259: =VLOOKUP(E259,codex!A$1:B$359,2,0) -> 0
A260: jsoup | B260: Insufficient Modularization | C260: org.jsoup.helper | D260: HttpClientExecutor | E260: =C260&"."&D260 -> org.jsoup.helper.HttpClientExecutor | F260: data/processed/prompts/insufficient_modularization/jsoup/org_jsoup_helper_HttpClientExecutor.txt | G260: 345 | H260: 0 | I260: =VLOOKUP(E260,codex!A$1:B$359,2,0) -> 1
A261: commons-io | B261: Insufficient Modularization | C261: org.apache.commons.io.input | D261: ByteBufferCleaner | E261: =C261&"."&D261 -> org.apache.commons.io.input.ByteBufferCleaner | F261: data/processed/prompts/insufficient_modularization/commons-io/org_apache_commons_io_input_ByteBufferCleaner.txt | G261: 344 | H261: 0 | I261: =VLOOKUP(E261,codex!A$1:B$359,2,0) -> 0
A262: byte-buddy | B262: Insufficient Modularization | C262: net.bytebuddy.asm.MemberSubstitution | D262: OfOriginalExpression | E262: =C262&"."&D262 -> net.bytebuddy.asm.MemberSubstitution.OfOriginalExpression | F262: data/processed/prompts/insufficient_modularization/byte-buddy/net_bytebuddy_asm_MemberSubstitution_OfOriginalExpression.txt | G262: 414 | H262: 0 | I262: =VLOOKUP(E262,codex!A$1:B$359,2,0) -> 0
A263: byte-buddy | B263: Insufficient Modularization | C263: net.bytebuddy.description.modifier | D263: ParameterManifestation | E263: =C263&"."&D263 -> net.bytebuddy.description.modifier.ParameterManifestation | F263: data/processed/prompts/insufficient_modularization/byte-buddy/net_bytebuddy_description_modifier_ParameterManifestation.txt | G263: 346 | H263: 0 | I263: =VLOOKUP(E263,codex!A$1:B$359,2,0) -> 0
A264: javaparser | B264: Insufficient Modularization | C264: com.github.javaparser.resolution | D264: Navigator | E264: =C264&"."&D264 -> com.github.javaparser.resolution.Navigator | F264: data/processed/prompts/insufficient_modularization/javaparser/com_github_javaparser_resolution_Navigator.txt | G264: 456 | H264: 1 | I264: =VLOOKUP(E264,codex!A$1:B$359,2,0) -> 0
A265: commons-lang | B265: Insufficient Modularization | C265: org.apache.commons.lang3.builder | D265: HashCodeBuilder | E265: =C265&"."&D265 -> org.apache.commons.lang3.builder.HashCodeBuilder | F265: data/processed/prompts/insufficient_modularization/commons-lang/org_apache_commons_lang3_builder_HashCodeBuilder.txt | G265: 363 | H265: 1 | I265: =VLOOKUP(E265,codex!A$1:B$359,2,0) -> 1
... A361: byte-buddy | B361: Insufficient Modularization | C361: net.bytebuddy.implementation.FieldAccessor | D361: PropertyConfigurable | E361: =C361&"."&D361 -> net.bytebuddy.implementation.FieldAccessor.PropertyConfigurable | F361: data/processed/prompts/insufficient_modularization/byte-buddy/net_bytebuddy_implementation_FieldAccessor_PropertyConfigurable.txt | G361: 342 | H361: 0 | I361: =VLOOKUP(E361,codex!A$1:B$359,2,0) -> 0

Sheet codex
A1: com.github.javaparser.symbolsolver.javaparsermodel.contexts.AnonymousClassDeclarationContext | B1: 0 | C1: Inspected `javaparser-symbol-solver-core/src/main/java/com/github/javaparser/symbolsolver/javaparsermodel/contexts/AnonymousClassDeclarationContext.java` (183 lines total). The class has one field, one constructor, and only 3 overridden public methods (`solveMethod`, `solveType`, `solveSymbol`), all focused on anonymous-class symbol resolution. The logic is mostly straight-line lookup/delegation to `JavaParserAnonymousClassDeclaration`, `MethodResolutionLogic`, `JavaParserFacade`, `JavaParserFactory`, and parent-context resolution, with no large set of unrelated methods or helper clusters. `JavaParserFactory.java` shows it is a specialized context created only for anonymous `ObjectCreationExpr` nodes, reinforcing that this is a focused adapter rather than an insufficiently modular monolith.
A2: net.bytebuddy.dynamic.DynamicType.Initial | B2: 0 | C2: Inspected `byte-buddy-dep/src/main/java/net/bytebuddy/dynamic/DynamicType.java` at lines 3674-3717 and 1182-1269, plus the implementation flow at 4327-4405. `Initial` is a narrow fluent builder step with only four overloads of `withParameters(...)`
A3: com.packageName.ClassInPackage | B3: 0 | C3: Inspected [javaparser-symbol-solver-testing/src/test/resources/differentiate_dot_expressions/com/packageName/ClassInPackage.java](/data/henrique/detecting_smells_study/codex/data/repositories/javaparser/javaparser/javaparser-symbol-solver-testing/src/test/resources/differentiate_dot_expressions/com/packageName/ClassInPackage.java) and [javaparser-symbol-solver-testing/src/test/resources/differentiate_dot_expressions/PackageDotExpressions.java](/data/henrique/detecting_smells_study/codex/data/repositories/javaparser/javaparser/javaparser-symbol-solver-testing/src/test/resources/differentiate_dot_expressions/PackageDotExpressions.java). The target class is only 7 lines long, contains exactly one public static method, has no fields or collaborating responsibilities, and is used as a simple test fixture for a single static call
A4: net.bytebuddy.description.type.TypeList.Empty | B4: 0 | C4: Inspected [byte-buddy-dep/src/main/java/net/bytebuddy/description/type/TypeList.java](byte-buddy-dep/src/main/java/net/bytebuddy/description/type/TypeList.java) and [byte-buddy-dep/src/main/java/net/bytebuddy/matcher/FilterableList.java](byte-buddy-dep/src/main/java/net/bytebuddy/matcher/FilterableList.java). `TypeList.Empty` has no fields and only 3 trivial overrides (`toInternalNames`, `getStackSize`, `asGenericTypes`)
A5: net.bytebuddy.description.type.RecordComponentDescription.InDefinedShape | B5: 0 | C5: Inspected byte-buddy-dep/src/main/java/net/bytebuddy/description/type/RecordComponentDescription.java and byte-buddy-dep/src/main/java/net/bytebuddy/description/type/RecordComponentList.java. `InDefinedShape` is a thin nested interface that declares only 2 shape-specific members (`getAccessor()` and `getDeclaringType()` at lines 87-99), while behavior is split into small specialized implementations (`AbstractBase`, `ForLoadedRecordComponent`, `Latent`) rather than concentrated in one oversized unit. The surrounding list code treats it as a type marker/adapter, not a multi-responsibility class, so there is no evidence of insufficient modularization.
A6: org.apache.commons.io.CloseableURLConnection | B6: 0 | C6: Inspected `src/main/java/org/apache/commons/io/CloseableURLConnection.java` (275 lines). The class has one field (`URLConnection urlConnection`) and its methods are almost entirely one-line delegations plus two factory methods and `close()`, so it behaves as a thin adapter that adds `AutoCloseable` to a `URLConnection`, not as a class with multiple decomposable responsibilities. Call sites in `src/main/java/org/apache/commons/io/IOUtils.java` and `src/main/java/org/apache/commons/io/FileUtils.java` use it only for that narrow purpose.
A7: net.bytebuddy.implementation.bind.MethodDelegationBinder.Compound | B7: 0 | C7: Inspected [byte-buddy-dep/src/main/java/net/bytebuddy/implementation/bind/MethodDelegationBinder.java](...#L951) and [byte-buddy-dep/src/test/java/net/bytebuddy/implementation/bind/MethodDelegationBinderAmbiguityResolverChainTest.java](...#L1). `Compound` is a small nested utility with one field (`ambiguityResolvers`), two constructors, and one `resolve` method
A8: com.google.zxing.ResultPointCallback | B8: 0 | C8: Inspected [core/src/main/java/com/google/zxing/ResultPointCallback.java](/data/henrique/detecting_smells_study/codex/data/repositories/zxing/zxing/core/src/main/java/com/google/zxing/ResultPointCallback.java), [core/src/main/java/com/google/zxing/qrcode/detector/Detector.java](/data/henrique/detecting_smells_study/codex/data/repositories/zxing/zxing/core/src/main/java/com/google/zxing/qrcode/detector/Detector.java), [core/src/main/java/com/google/zxing/qrcode/detector/FinderPatternFinder.java](/data/henrique/detecting_smells_study/codex/data/repositories/zxing/zxing/core/src/main/java/com/google/zxing/qrcode/detector/FinderPatternFinder.java), and [android/src/com/google/zxing/client/android/ViewfinderResultPointCallback.java](/data/henrique/detecting_smells_study/codex/data/repositories/zxing/zxing/android/src/com/google/zxing/client/android/ViewfinderResultPointCallback.java). The target is a tiny single-method interface (`foundPossibleResultPoint(ResultPoint)` only) used as a callback hook, with no internal state, no branching, and no multiple responsibilities
A9: net.bytebuddy.dynamic.scaffold.inline.MethodRebaseResolver | B9: 1 | C9: `byte-buddy-dep/src/main/java/net/bytebuddy/dynamic/scaffold/inline/MethodRebaseResolver.java` is 580 lines and contains 9 nested types: the main interface, `Disabled`, `Resolution`, `Resolution.Preserved`, `Resolution.ForRebasedMethod` with nested `RebasedMethod`, `Resolution.ForRebasedConstructor` with nested `RebasedConstructor`, and `Default` with a `make` factory plus resolver/map logic. That file mixes several distinct responsibilities (strategy contract, no-op implementation, rebased-method modeling, rebased-constructor modeling, and resolution assembly), which is strong evidence of insufficient modularization. The focused tests in `MethodRebaseResolverDefaultTest.java`, `MethodRebaseResolverResolutionPreservedTest.java`, `MethodRebaseResolverResolutionForRebasedMethodTest.java`, and `MethodRebaseResolverResolutionForRebasedConstructorTest.java` also reflect these separate concerns.
A10: net.bytebuddy.implementation.bytecode.assign.primitive.PrimitiveUnboxingDelegate.UnboxingResponsible | B10: 0 | C10: Inspected byte-buddy-dep/src/main/java/net/bytebuddy/implementation/bytecode/assign/primitive/PrimitiveUnboxingDelegate.java. The target is a nested interface at lines 285-297 with no fields and exactly one method, `assignUnboxedTo(...)`
A11: (default package).ElisionTest | B11: 0 | C11: Inspected `core/src/main/resources/examples/ElisionTest.java` (27 lines, default package) and sibling `core/src/main/resources/examples/ElisionTest2.java` for context. `ElisionTest` contains only two methods: a constructor with a single linear benchmark-like routine over a `Vector<Long>` and a trivial `main` that instantiates the class. The class is small, cohesive, and shows no excessive method count, public API surface, or multiple separable responsibilities, so insufficient modularization is not indicated.
A12: net.bytebuddy.NamingStrategy | B12: 1 | C12: `byte-buddy-dep/src/main/java/net/bytebuddy/NamingStrategy.java` is a 559-line class file that bundles the interface, an abstract base, three concrete naming strategies (`Suffixing`, `SuffixingRandom`, `PrefixingRandom`), and a nested `BaseNameResolver` hierarchy with multiple resolver implementations plus deprecated compatibility wrappers and many overloaded constructors. `byte-buddy-dep/src/test/java/net/bytebuddy/NamingStrategyTest.java` exercises these pieces as separate behaviors (suffixing, random suffixing, prefixing, resolver variants, caller suffix), which is evidence of several separable responsibilities packed into one unit.
... A359: net.bytebuddy.implementation.FieldAccessor.PropertyConfigurable | B359: 0 | C359: Inspected /data/henrique/detecting_smells_study/codex/data/repositories/raphw/byte-buddy/byte-buddy-dep/src/main/java/net/bytebuddy/implementation/FieldAccessor.java:449-638 and the enclosing API context at lines 50-67 and 644-686. PropertyConfigurable is a cohesive fluent interface for one concern only: configuring field-write behavior, with 14 overloads grouped around setsArgumentAt, setsDefaultValue, setsValue, setsReference, and setsFieldValueOf. It has no state and no unrelated responsibilities
