Workbook

Sheet Samples
A1: project | B1: smell | C1: package | D1: prompt_file | E1: context_size | F1: designite | G1: codex
A2: commons-lang | B2: God Component | C2: org.apache.commons.lang3.concurrent.locks | D2: data/processed/prompts/god_component/commons-lang/org_apache_commons_lang3_concurrent_locks.txt | E2: 1564 | F2: 0 | G2: =VLOOKUP(C2,Codex!$A$1:$B$100,2,0) -> 0 | I2: TP | J2: =COUNTIFS(F2:F101,1,G2:G101,1) -> 15
A3: commons-io | B3: God Component | C3: org.apache.commons.io.channels | D3: data/processed/prompts/god_component/commons-io/org_apache_commons_io_channels.txt | E3: 853 | F3: 0 | G3: =VLOOKUP(C3,Codex!$A$1:$B$100,2,0) -> 0 | I3: TN | J3: =COUNTIFS(F2:F101,0,G2:G101,0) -> 67
A4: commons-lang | B4: God Component | C4: org.apache.commons.lang3.math | D4: data/processed/prompts/god_component/commons-lang/org_apache_commons_lang3_math.txt | E4: 698 | F4: 0 | G4: =VLOOKUP(C4,Codex!$A$1:$B$100,2,0) -> 0 | I4: FP | J4: =COUNTIFS(F2:F101,0,G2:G101,1) -> 3
A5: javaparser | B5: God Component | C5: com.github.javaparser.printer.concretesyntaxmodel | D5: data/processed/prompts/god_component/javaparser/com_github_javaparser_printer_concretesyntaxmodel.txt | E5: 3641 | F5: 0 | G5: =VLOOKUP(C5,Codex!$A$1:$B$100,2,0) -> 0 | I5: FN | J5: =COUNTIFS(F2:F101,1,G2:G101,0) -> 15
A6: zxing | B6: God Component | C6: com.google.zxing.maxicode | D6: data/processed/prompts/god_component/zxing/com_google_zxing_maxicode.txt | E6: 521 | F6: 0 | G6: =VLOOKUP(C6,Codex!$A$1:$B$100,2,0) -> 0
A7: javaparser | B7: God Component | C7: japa.bdd.samples | D7: data/processed/prompts/god_component/javaparser/japa_bdd_samples.txt | E7: 1992 | F7: 1 | G7: =VLOOKUP(C7,Codex!$A$1:$B$100,2,0) -> 0 | I7: Pr | J7: =IFERROR(J2/(J2+J4),0) -> 0.83333333
A8: zxing | B8: God Component | C8: com.google.zxing.client.android.camera | D8: data/processed/prompts/god_component/zxing/com_google_zxing_client_android_camera.txt | E8: 1370 | F8: 0 | G8: =VLOOKUP(C8,Codex!$A$1:$B$100,2,0) -> 0 | I8: Rc | J8: =IFERROR(J2/(J2+J5),0) -> 0.5
A9: javaparser | B9: God Component | C9: com.github.javaparser.generator.core.visitor | D9: data/processed/prompts/god_component/javaparser/com_github_javaparser_generator_core_visitor.txt | E9: 3405 | F9: 0 | G9: =VLOOKUP(C9,Codex!$A$1:$B$100,2,0) -> 0 | I9: F1 | J9: =IFERROR(2*J7*J8/(J7+J8),0) -> 0.625
A10: zxing | B10: God Component | C10: com.google.zxing.qrcode | D10: data/processed/prompts/god_component/zxing/com_google_zxing_qrcode.txt | E10: 745 | F10: 0 | G10: =VLOOKUP(C10,Codex!$A$1:$B$100,2,0) -> 0 | I10: MCC | J10: =IFERROR(((J2*J3)-(J4*J5))/SQRT((J2+J4)*(J2+J5)*(J3+J4)*(J3+J5)),0) -> 0.54527854
A11: jitwatch | B11: God Component | C11: org.adoptopenjdk.jitwatch.ui.triview.bytecode | D11: data/processed/prompts/god_component/jitwatch/org_adoptopenjdk_jitwatch_ui_triview_bytecode.txt | E11: 1004 | F11: 0 | G11: =VLOOKUP(C11,Codex!$A$1:$B$100,2,0) -> 0
A12: javaparser | B12: God Component | C12: japa.parser.comments | D12: data/processed/prompts/god_component/javaparser/japa_parser_comments.txt | E12: 428 | F12: 0 | G12: =VLOOKUP(C12,Codex!$A$1:$B$100,2,0) -> 0
A13: byte-buddy | B13: God Component | C13: net.bytebuddy.implementation.bytecode.assign | D13: data/processed/prompts/god_component/byte-buddy/net_bytebuddy_implementation_bytecode_assign.txt | E13: 1377 | F13: 0 | G13: =VLOOKUP(C13,Codex!$A$1:$B$100,2,0) -> 0
A14: jitwatch | B14: God Component | C14: org.adoptopenjdk.jitwatch.process.runtime | D14: data/processed/prompts/god_component/jitwatch/org_adoptopenjdk_jitwatch_process_runtime.txt | E14: 1382 | F14: 0 | G14: =VLOOKUP(C14,Codex!$A$1:$B$100,2,0) -> 0
A15: javaparser | B15: God Component | C15: demo | D15: data/processed/prompts/god_component/javaparser/demo.txt | E15: 1251 | F15: 0 | G15: =VLOOKUP(C15,Codex!$A$1:$B$100,2,0) -> 0
A16: javaparser | B16: God Component | C16: com.github.javaparser.symbolsolver.declarations.common | D16: data/processed/prompts/god_component/javaparser/com_github_javaparser_symbolsolver_declarations_common.txt | E16: 620 | F16: 0 | G16: =VLOOKUP(C16,Codex!$A$1:$B$100,2,0) -> 0
A17: javaparser | B17: God Component | C17: com.github.javaparser.ast.type | D17: data/processed/prompts/god_component/javaparser/com_github_javaparser_ast_type.txt | E17: 4385 | F17: 1 | G17: =VLOOKUP(C17,Codex!$A$1:$B$100,2,0) -> 0
A18: zxing | B18: God Component | C18: com.google.zxing.multi.qrcode.detector | D18: data/processed/prompts/god_component/zxing/com_google_zxing_multi_qrcode_detector.txt | E18: 872 | F18: 0 | G18: =VLOOKUP(C18,Codex!$A$1:$B$100,2,0) -> 0
A19: byte-buddy | B19: God Component | C19: net.bytebuddy.implementation.bytecode | D19: data/processed/prompts/god_component/byte-buddy/net_bytebuddy_implementation_bytecode.txt | E19: 4675 | F19: 1 | G19: =VLOOKUP(C19,Codex!$A$1:$B$100,2,0) -> 1
A20: commons-io | B20: God Component | C20: org.apache.commons.io.function | D20: data/processed/prompts/god_component/commons-io/org_apache_commons_io_function.txt | E20: 5325 | F20: 1 | G20: =VLOOKUP(C20,Codex!$A$1:$B$100,2,0) -> 0
A21: zxing | B21: God Component | C21: com.google.zxing.client.result | D21: data/processed/prompts/god_component/zxing/com_google_zxing_client_result.txt | E21: 5618 | F21: 1 | G21: =VLOOKUP(C21,Codex!$A$1:$B$100,2,0) -> 1
A22: zxing | B22: God Component | C22: com.google.zxing | D22: data/processed/prompts/god_component/zxing/com_google_zxing.txt | E22: 3490 | F22: 0 | G22: =VLOOKUP(C22,Codex!$A$1:$B$100,2,0) -> 0
... A101: javaparser | B101: God Component | C101: com.github.javaparser.resolution.types | D101: data/processed/prompts/god_component/javaparser/com_github_javaparser_resolution_types.txt | E101: 2507 | F101: 0 | G101: =VLOOKUP(C101,Codex!$A$1:$B$100,2,0) -> 0

Sheet Codex
A1: org.apache.commons.lang3.concurrent.locks | B1: 0 | C1: I inspected src/main/java/org/apache/commons/lang3/concurrent/locks/LockingVisitors.java and src/main/java/org/apache/commons/lang3/concurrent/locks/package-info.java. The exact package contains only one production class (LockingVisitors) plus package-info
A2: org.apache.commons.io.channels | B2: 0 | C2: Inspected src/main/java/org/apache/commons/io/channels/ByteArraySeekableByteChannel.java (289 LOC), CloseShieldChannel.java (105 LOC), CloseShieldChannelHandler.java (161 LOC), FileChannels.java (172 LOC), and package-info.java. The package contains only 4 production classes plus package docs, about 750 LOC total, and each class has a narrow, cohesive responsibility (byte-array-backed SeekableByteChannel, close-shield proxy/handler, and file/channel content comparison helpers). There is no evidence of a large, multi-responsibility package or excessive centralization.
A3: org.apache.commons.lang3.math | B3: 0 | C3: Inspected src/main/java/org/apache/commons/lang3/math/package-info.java, NumberUtils.java (1821 LOC), Fraction.java (923 LOC), and IEEE754rUtils.java (261 LOC). The package contains only 3 concrete classes (3039 LOC total), and their responsibilities are tightly cohesive numeric utilities: number parsing/conversion/comparison/min-max in NumberUtils, an immutable fraction type in Fraction, and IEEE-754 min/max helpers in IEEE754rUtils. This looks like a focused math utility package, not an excessively large or responsibility-centralizing God Component.
A4: com.github.javaparser.printer.concretesyntaxmodel | B4: 0 | C4: Inspected the package sources under javaparser-core/src/main/java/com/github/javaparser/printer/concretesyntaxmodel/ (17 Java files, 1255 total LOC by wc -l). The package is a cohesive concrete-syntax-model layer: most classes are small single-purpose elements such as CsmNone, CsmIndent, CsmUnindent, CsmString, CsmChar, CsmTextBlock, CsmSingleReference, CsmComment, and PrintingHelper, while the larger files (CsmElement 178 LOC, CsmConditional 133, CsmList 133, CsmToken 121) still implement one focused concern each. ConcreteSyntaxModel.java and lexical-preservation classes import these types as a support library, so the package is central to pretty-printing but not an excessively broad multi-responsibility god component.
A5: com.google.zxing.maxicode | B5: 0 | C5: I inspected the exact-package sources with `rg -n "^package com\.google\.zxing\.maxicode
A6: japa.bdd.samples | B6: 0 | C6: Inspected `javaparser-core-testing-bdd/src/test/resources/com/github/javaparser/samples/JavaConcepts.java` (397 LOC), `javaparser-core-testing/src/test/test_sourcecode/com/github/javaparser/printer/JavaConceptsBase.java` (83), `JavaConceptsMethods.java` (164), `JavaConceptsInnerClasses.java` (135), `JavaConceptsEnums.java` (70), and `JavaConceptsUgly.java` (60), plus `pretty_printing_java_concepts.story`. The package is a small, cohesive test-fixture set for Java syntax/pretty-printing samples, all centered on the same concept rather than a large production package with mixed responsibilities.
A7: com.google.zxing.client.android.camera | B7: 0 | C7: Inspected [CameraManager.java](/data/henrique/detecting_smells_study/codex/data/repositories/zxing/zxing/android/src/com/google/zxing/client/android/camera/CameraManager.java), [CameraConfigurationManager.java](/data/henrique/detecting_smells_study/codex/data/repositories/zxing/zxing/android/src/com/google/zxing/client/android/camera/CameraConfigurationManager.java), [CameraConfigurationUtils.java](/data/henrique/detecting_smells_study/codex/data/repositories/zxing/zxing/android-core/src/main/java/com/google/zxing/client/android/camera/CameraConfigurationUtils.java), [AutoFocusManager.java](/data/henrique/detecting_smells_study/codex/data/repositories/zxing/zxing/android/src/com/google/zxing/client/android/camera/AutoFocusManager.java), [PreviewCallback.java](/data/henrique/detecting_smells_study/codex/data/repositories/zxing/zxing/android/src/com/google/zxing/client/android/camera/PreviewCallback.java), and [FrontLightMode.java](/data/henrique/detecting_smells_study/codex/data/repositories/zxing/zxing/android/src/com/google/zxing/client/android/camera/FrontLightMode.java). The exact package contains 6 types totaling 1,229 LOC, and their responsibilities are tightly scoped to camera setup, parameter tuning, autofocus, preview frame forwarding, and front-light preference handling
A8: com.github.javaparser.generator.core.visitor | B8: 0 | C8: Inspected `javaparser-core-generators/src/main/java/com/github/javaparser/generator/core/visitor/*.java` (15 classes, 1037 LOC total) plus the shared `javaparser-core-generators/src/main/java/com/github/javaparser/generator/VisitorGenerator.java`. The package is a cohesive set of narrow generators: each class extends `VisitorGenerator` and specializes one visitor variant (`GenericVisitorGenerator.java`, `VoidVisitorGenerator.java`, `CloneVisitorGenerator.java`, `HashCodeVisitorGenerator.java`, `ModifierVisitorGenerator.java`, `NoCommentEqualsVisitorGenerator.java`, etc.) rather than concentrating unrelated responsibilities in one package.
A9: com.google.zxing.qrcode | B9: 0 | C9: Exact-package production sources are only core/src/main/java/com/google/zxing/qrcode/QRCodeReader.java (222 LOC) and core/src/main/java/com/google/zxing/qrcode/QRCodeWriter.java (135 LOC), 357 LOC total. Both are thin faÃ§ades: QRCodeReader delegates decoding to qrcode.detector.Detector and qrcode.decoder.Decoder, and QRCodeWriter delegates encoding to qrcode.encoder.Encoder and renderResult. The package itself does not centralize many responsibilities or contain many classes
A10: org.adoptopenjdk.jitwatch.ui.triview.bytecode | B10: 0 | C10: Inspected ui/src/main/java/org/adoptopenjdk/jitwatch/ui/triview/bytecode/ViewerBytecode.java and BytecodeLabel.java. The package contains exactly 2 classes totaling 524 LOC (ViewerBytecode 500 LOC, BytecodeLabel 24 LOC). BytecodeLabel is only a thin wrapper around BytecodeInstruction, and ViewerBytecode is a focused UI viewer for bytecode highlighting/navigation/tooltip rendering rather than a broad package of many responsibilities. There is no evidence of a large class count or package-wide responsibility concentration, so the package does not exhibit a God Component smell.
A11: japa.parser.comments | B11: 0 | C11: Inspected `javaparser-symbol-solver-testing/src/test/resources/issue1574/ClassWithOrphanComments.java` (14 lines) and the test resource stories `javaparser-core-testing-bdd/src/test/resources/com/github/javaparser/comment_parsing_scenarios.story`, `comment_attribution_scenarios.story`, and `parsing_scenarios.story`. The only exact package matches are test-resource snippets
A12: net.bytebuddy.implementation.bytecode.assign | B12: 0 | C12: Inspected byte-buddy-dep/src/main/java/net/bytebuddy/implementation/bytecode/assign/{package-info.java,Assigner.java,TypeCasting.java,InstanceCheck.java}. The exact package contains only 3 production classes plus one interface/p.package doc (312 LOC total), and each class has a narrow role: Assigner defines the API and two tiny enums, TypeCasting wraps CHECKCAST, and InstanceCheck wraps INSTANCEOF. The heavier assignment logic is split into subpackages (primitive/reference), so this package is a small faÃ§ade rather than a God Component.
... A100: com.github.javaparser.resolution.types | B100: 0 | C100: Inspected `javaparser-core/src/main/java/com/github/javaparser/resolution/types/*.java`: there are 11 exact-package classes/interfaces with 1992 total LOC, and the package is a cohesive `ResolvedType` hierarchy (`ResolvedType`, `ResolvedReferenceType`, `ResolvedPrimitiveType`, `ResolvedArrayType`, `ResolvedTypeVariable`, `ResolvedWildcard`, `ResolvedUnionType`, `ResolvedIntersectionType`, `ResolvedVoidType`, `ResolvedLambdaConstraintType`, `ResolvedTypeTransformer`) focused on type representation and assignability. The largest file is `ResolvedReferenceType.java` at 652 LOC, but the responsibilities remain tightly centered on one concept rather than a broadly decomposable package-level God Component.
